time (hr)               ,od-sensors-1.od-680      ,od-sensors-2.od-680      ,od-sensors-3.od-680      ,od-sensors-4.od-680      ,od-sensors-5.od-680      ,od-sensors-6.od-680      ,od-sensors-7.od-680      ,od-sensors-8.od-680      
0.083333,0.64932,0.00951,-0.0139,                         ,0.00261,-0.04028,-0.01768,-0.03801
0.166667,0.64932,0.00524,-0.01082,                         ,0.00421,-0.03126,-0.01559,-0.03734
0.25,0.64803,0.01248,-0.01068,                         ,0.00465,-0.02911,-0.01378,-0.03668
0.333333,0.64674,0.01712,-0.00644,                         ,0.00655,-0.02695,-0.01266,-0.03414
0.416667,0.6461,0.00744,-0.00672,                         ,0.01024,-0.02586,-0.01126,-0.03561
0.5,0.64867,0.01592,-0.00601,                         ,0.0098,-0.026,-0.01027,-0.0332
0.583333,0.6461,0.02029,-0.00101,                         ,0.01143,-0.02573,-0.01013,-0.03454
0.666667,0.64738,0.00862,-0.00216,                         ,0.01143,-0.02518,-0.00928,-0.03521
0.75,0.64738,0.01248,-0.00244,                         ,0.01217,-0.02423,-0.00801,-0.03239
0.833333,0.67735,0.01833,-0.00913,                         ,0.015,-0.02396,-0.00772,-0.03441
0.916667,0.67804,0.02257,-0.00828,                         ,0.01157,-0.02382,-0.00744,-0.03104
1,0.67735,0.01397,-0.00729,                         ,0.01247,-0.02396,-0.00716,-0.03454
1.083333,0.67873,0.02579,-0.00899,                         ,0.01232,-0.02505,-0.00772,-0.03145
1.166667,0.67735,0.01607,-0.00729,                         ,0.01187,-0.02478,-0.0073,-0.03521
1.25,0.67873,0.02136,-0.00757,                         ,0.01381,-0.02491,-0.00716,-0.03414
1.333333,0.67942,0.01878,-0.0063,                         ,0.01247,-0.02546,-0.00687,-0.03037
1.416667,0.68711,0.0312,-0.0063,                         ,0.01217,-0.02546,-0.00758,-0.03239
1.5,0.6843,0.01352,-0.00487,                         ,0.01455,-0.02505,-0.00744,-0.03507
1.583333,0.68781,0.02794,-0.00402,                         ,0.01455,-0.02518,-0.00645,-0.03266
1.666667,0.68852,0.0209,-0.00701,                         ,0.01276,-0.026,-0.00702,-0.03561
1.75,0.68781,0.02825,-0.0043,                         ,0.01381,-0.02559,-0.00702,-0.0328
1.833333,0.68852,0.01442,-0.00544,                         ,0.01351,-0.02613,-0.00702,-0.03654
1.916667,0.68781,0.02902,-0.00316,                         ,0.01202,-0.02559,-0.00687,-0.0332
2,0.68781,0.02887,-0.0013,                         ,0.01425,-0.02586,-0.00659,-0.03427
2.083333,0.68781,0.02902,-0.00516,                         ,0.01515,-0.02654,-0.00687,-0.03347
2.166667,0.68852,0.01412,-0.00445,                         ,0.01425,-0.02627,-0.00673,-0.0328
2.25,0.68852,0.02748,-0.00402,                         ,0.01411,-0.02668,-0.00602,-0.03347
2.333333,0.68923,0.02871,-0.00187,                         ,0.01425,-0.02586,-0.00687,-0.034
2.416667,0.68923,0.0298,-0.00115,                         ,0.01351,-0.02641,-0.00702,-0.03414
2.5,0.68923,0.02733,-0.00115,                         ,0.01366,-0.02654,-0.00673,-0.03454
2.583333,0.68923,0.03011,-0.00029,                         ,0.0156,-0.02695,-0.00645,-0.0328
2.666667,0.68852,0.02748,-0.00416,                         ,0.01232,-0.02749,-0.0073,-0.03454
2.75,0.68923,0.02794,0,                         ,0.01455,-0.02735,-0.00645,-0.03481
2.833333,0.68994,0.02594,-0.00359,                         ,0.01336,-0.02708,-0.00716,-0.0336
2.916667,0.68852,0.02995,0.00087,                         ,0.01411,-0.02695,-0.00702,-0.03494
3,0.68923,0.02625,-0.00302,                         ,0.01381,-0.02735,-0.00645,-0.03507
3.083333,0.69065,0.03011,-0.00216,                         ,0.01575,-0.02681,-0.0063,-0.03507
3.166667,0.68923,0.0298,-0.00316,                         ,0.01635,-0.02735,-0.00616,-0.03574
3.25,0.68994,0.02918,0.00231,                         ,0.01455,-0.02668,-0.00645,-0.03561
3.333333,0.69065,0.02395,-0.00216,                         ,0.0156,-0.02708,-0.00659,-0.03507
3.416667,0.68994,0.02487,-0.00058,                         ,0.015,-0.02708,-0.00673,-0.03521
3.5,0.68994,0.02609,-0.00158,                         ,0.0153,-0.02695,-0.00588,-0.03494
3.583333,0.69065,0.03042,0.00115,                         ,0.01515,-0.02708,-0.00602,-0.03454
3.666667,0.69065,0.02563,-0.00043,                         ,0.01665,-0.02641,-0.00531,-0.03507
3.75,0.69136,0.03088,0.00029,                         ,0.0162,-0.02681,-0.00502,-0.03467
3.833333,0.69207,0.02671,-0.00058,                         ,0.01665,-0.02681,-0.00588,-0.03521
3.916667,0.69136,0.03228,0.00173,                         ,0.0159,-0.02641,-0.00559,-0.03481
4,0.69136,0.02303,0.00072,                         ,0.0159,-0.02668,-0.00531,-0.03427
4.083333,0.69136,0.0326,0.00144,                         ,0.01665,-0.02586,-0.00531,-0.03481
4.166667,0.69207,0.03073,0.00144,                         ,0.0168,-0.02681,-0.00459,-0.03454
4.25,0.69207,0.03291,0.00101,                         ,0.01695,-0.026,-0.00417,-0.03414
4.333333,0.69207,0.02044,0.00144,                         ,0.01665,-0.02627,-0.00445,-0.03494
4.416667,0.69278,0.03322,0.0013,                         ,0.0168,-0.02586,-0.00445,-0.03494
4.5,0.69278,0.03104,0.00217,                         ,0.0162,-0.02613,-0.00459,-0.03481
4.583333,0.6935,0.03228,0.00144,                         ,0.01755,-0.02654,-0.00402,-0.03481
4.666667,0.6935,0.02748,0.00376,                         ,0.0174,-0.02627,-0.00359,-0.03427
4.75,0.69278,0.03275,0.00333,                         ,0.01801,-0.02613,-0.00331,-0.03454
4.833333,0.6935,0.02671,0.0042,                         ,0.01755,-0.02627,-0.00374,-0.03427
4.916667,0.69493,0.03353,0.0061,                         ,0.01786,-0.026,-0.00374,-0.03427
5,0.6935,0.02918,0.00347,                         ,0.01921,-0.02559,-0.00288,-0.03387
5.083333,0.6935,0.03432,0.00449,                         ,0.01831,-0.02559,-0.00302,-0.03441
5.166667,0.69493,0.02949,0.00318,                         ,0.01876,-0.02559,-0.00331,-0.03641
5.25,0.69421,0.03494,0.00566,                         ,0.0174,-0.02546,-0.00245,-0.03387
5.333333,0.69565,0.03416,0.00537,                         ,0.01786,-0.026,-0.00173,-0.03454
5.416667,0.69709,0.03494,0.00478,                         ,0.01891,-0.02559,-0.00259,-0.03387
5.5,0.69421,0.03166,0.00493,                         ,0.01921,-0.02532,-0.00187,-0.03414
5.583333,0.69493,0.03447,0.00683,                         ,0.02012,-0.02532,-0.00216,-0.03387
5.666667,0.69421,0.03416,0.00727,                         ,0.01936,-0.02505,-0.00245,-0.03414
5.75,0.69565,0.03589,0.0061,                         ,0.01952,-0.02505,-0.00216,-0.034
5.833333,0.69565,0.03135,0.00624,                         ,0.01997,-0.02478,-0.00115,-0.03427
5.916667,0.69565,0.03589,0.00947,                         ,0.01967,-0.02478,-0.00144,-0.03441
6,0.69709,0.03589,0.00595,                         ,0.01967,-0.02478,-0.00101,-0.0328
6.083333,0.69637,0.03667,0.00859,                         ,0.02058,-0.02478,-0.00115,-0.034
6.166667,0.69709,0.03104,0.00756,                         ,0.02133,-0.0245,-0.00144,-0.03374
6.25,0.69709,0.03636,0.0108,                         ,0.02103,-0.02382,-0.0013,-0.03374
6.333333,0.69709,0.03541,0.00888,                         ,0.02088,-0.02505,-0.00101,-0.03414
6.416667,0.69709,0.03636,0.0111,                         ,0.02012,-0.02491,-0.00058,-0.034
6.5,0.69854,0.03073,0.00844,                         ,0.02088,-0.02437,0.00014,-0.0336
6.583333,0.69781,0.03636,0.00741,                         ,0.02164,-0.02437,-0.00014,-0.03427
6.666667,0.69781,0.03369,0.00962,                         ,0.02149,-0.02423,-0.00058,-0.03374
6.75,0.69854,0.03778,0.01287,                         ,0.02194,-0.02437,0.00029,-0.03266
6.833333,0.69854,0.03291,0.00888,                         ,0.02209,-0.02423,0.00029,-0.03454
6.916667,0.69854,0.03857,0.01243,                         ,0.02225,-0.02396,0.00014,-0.0332
7,0.69854,0.03447,0.0105,                         ,0.02225,-0.02396,0.00029,-0.03548
7.083333,0.69854,0.03338,0.01036,                         ,0.02255,-0.02355,0.00043,-0.03387
7.166667,0.69854,0.03353,0.0108,                         ,0.02225,-0.02314,0.00072,-0.03467
7.25,0.69999,0.03825,0.0111,                         ,0.02453,-0.02355,0.00072,-0.03293
7.333333,0.70071,0.03667,0.01184,                         ,0.02515,-0.02355,0.00217,-0.03374
7.416667,0.69999,0.03526,0.01347,                         ,0.0253,-0.02328,0.00217,-0.0332
7.5,0.69854,0.0351,0.01169,                         ,0.02499,-0.023,0.00203,-0.03588
7.583333,0.70071,0.03683,0.01332,                         ,0.02438,-0.02341,0.00188,-0.0328
7.666667,0.69709,0.03307,0.02127,                         ,0.02423,-0.02328,0.00246,-0.03548
7.75,0.70071,0.03888,0.01332,                         ,0.02591,-0.02273,0.00188,-0.03333
7.833333,0.70144,0.0312,0.01362,                         ,0.02453,-0.02287,0.00246,-0.03561
7.916667,0.70144,0.03699,0.01287,                         ,0.02515,-0.02232,0.00362,-0.03266
8,0.7029,0.03541,0.01421,                         ,0.02622,-0.02232,0.0029,-0.03574
8.083333,0.70217,0.03778,0.0157,                         ,0.02776,-0.02287,0.00319,-0.03199
8.166667,0.7029,0.03762,0.01496,                         ,0.02714,-0.02205,0.00348,-0.03628
8.25,0.70217,0.04094,0.01555,                         ,0.0276,-0.02205,0.00421,-0.0328
8.333333,0.70217,0.03182,0.0154,                         ,0.02668,-0.02163,0.00421,-0.034
8.416667,0.7029,0.04286,0.01885,                         ,0.02653,-0.02163,0.00494,-0.03199
8.5,0.70363,0.03967,0.01645,                         ,0.02653,-0.02109,0.00406,-0.03561
8.583333,0.70363,0.0443,0.01915,                         ,0.0273,-0.02122,0.00464,-0.03212
8.666667,0.70437,0.03432,0.01795,                         ,0.02714,-0.02109,0.0045,-0.03441
8.75,0.70437,0.04478,0.01885,                         ,0.0293,-0.02136,0.00581,-0.03131
8.833333,0.7051,0.03841,0.01991,                         ,0.02745,-0.02054,0.00567,-0.03226
8.916667,0.7051,0.04398,0.01885,                         ,0.02915,-0.01999,0.00567,-0.03091
9,0.70583,0.03999,0.01991,                         ,0.03085,-0.01971,0.00713,-0.0305
9.083333,0.70583,0.0451,0.02006,                         ,0.02961,-0.01957,0.00713,-0.03023
9.166667,0.70583,0.04126,0.02051,                         ,0.02992,-0.01944,0.00698,-0.03023
9.25,0.70657,0.04655,0.02097,                         ,0.03008,-0.0193,0.00757,-0.02969
9.333333,0.70657,0.04494,0.02112,                         ,0.03132,-0.01833,0.00742,-0.0301
9.416667,0.70731,0.04574,0.02097,                         ,0.03054,-0.0182,0.00801,-0.02969
9.5,0.70731,0.03809,0.02218,                         ,0.03116,-0.01792,0.00831,-0.02956
9.583333,0.70805,0.04703,0.02187,                         ,0.03054,-0.01778,0.00845,-0.02861
9.666667,0.70731,0.04318,0.02248,                         ,0.03116,-0.0175,0.00978,-0.02929
9.75,0.70805,0.04913,0.02446,                         ,0.03241,-0.01695,0.00889,-0.02806
9.833333,0.70879,0.04462,0.024,                         ,0.0335,-0.01626,0.00978,-0.02684
9.916667,0.70879,0.04865,0.02431,                         ,0.03287,-0.0164,0.01037,-0.0267
10,0.70953,0.0451,0.02583,                         ,0.03366,-0.01556,0.01037,-0.02684
10.083333,0.70953,0.04946,0.0266,                         ,0.03366,-0.01584,0.01022,-0.02561
10.166667,0.71102,0.04881,0.0266,                         ,0.03491,-0.01487,0.01052,-0.02629
10.25,0.71027,0.05043,0.02937,                         ,0.03225,-0.01501,0.01126,-0.02575
10.333333,0.71102,0.04719,0.02614,                         ,0.03381,-0.01473,0.012,-0.02479
10.416667,0.71102,0.05173,0.02691,                         ,0.03538,-0.01361,0.01185,-0.02369
10.5,0.71176,0.05206,0.0286,                         ,0.03616,-0.01333,0.01319,-0.02383
10.583333,0.71176,0.05353,0.03169,                         ,0.03553,-0.01319,0.01334,-0.02369
10.666667,0.71176,0.04962,0.0286,                         ,0.03538,-0.01319,0.01423,-0.02108
10.75,0.71326,0.05353,0.02875,                         ,0.03522,-0.01221,0.01468,-0.02246
10.833333,0.71326,0.04816,0.02998,                         ,0.03663,-0.01137,0.01528,-0.02149
10.916667,0.71326,0.04978,0.02952,                         ,0.03695,-0.01123,0.01483,-0.02135
11,0.71401,0.04929,0.02983,                         ,0.03774,-0.01095,0.01513,-0.02135
11.083333,0.71476,0.05402,0.03542,                         ,0.03774,-0.01109,0.01632,-0.01859
11.166667,0.71476,0.05287,0.032,                         ,0.03884,-0.0094,0.01692,-0.01831
11.25,0.71476,0.05583,0.032,                         ,0.039,-0.00997,0.01707,-0.019
11.333333,0.71476,0.05075,0.03246,                         ,0.04011,-0.00912,0.01737,-0.02108
11.416667,0.71551,0.05222,0.03308,                         ,0.03916,-0.0094,0.01903,-0.01845
11.5,0.71702,0.05189,0.03386,                         ,0.04011,-0.00912,0.01903,-0.01706
11.583333,0.71702,0.05764,0.0348,                         ,0.04154,-0.00813,0.01978,-0.01636
11.666667,0.71626,0.05304,0.03449,                         ,0.04217,-0.00813,0.02009,-0.01761
11.75,0.71777,0.06063,0.03699,                         ,0.04122,-0.00757,0.02084,-0.0158
11.833333,0.71777,0.05369,0.03746,                         ,0.04122,-0.00658,0.02206,-0.01692
11.916667,0.71853,0.05913,0.03574,                         ,0.04249,-0.00757,0.02236,-0.01594
12,0.71853,0.0555,0.03809,                         ,0.04233,-0.00629,0.02282,-0.01524
12.083333,0.71929,0.06029,0.04093,                         ,0.04393,-0.00658,0.02327,-0.0144
12.166667,0.72005,0.05616,0.0373,                         ,0.04329,-0.00757,0.02251,-0.01482
12.25,0.72005,0.0633,0.03935,                         ,0.04409,-0.00601,0.02388,-0.01454
12.333333,0.72005,0.05797,0.03951,                         ,0.04489,-0.00473,0.02388,-0.01454
12.416667,0.72005,0.06213,0.04125,                         ,0.04441,-0.00473,0.02434,-0.01328
12.5,0.72081,0.05698,0.04062,                         ,0.04489,-0.0043,0.02403,-0.01398
12.583333,0.72234,0.06313,0.03951,                         ,0.04585,-0.00416,0.02556,-0.01229
12.666667,0.72234,0.06296,0.04157,                         ,0.04537,-0.00287,0.02602,-0.01314
12.75,0.7231,0.06481,0.04539,                         ,0.04666,-0.00287,0.02633,-0.01173
12.833333,0.72234,0.06464,0.0422,                         ,0.04746,-0.00287,0.0271,-0.01257
12.916667,0.72387,0.06632,0.04555,                         ,0.04682,-0.00216,0.02787,-0.01144
13,0.72387,0.06129,0.04363,                         ,0.04746,-0.00201,0.02848,-0.01088
13.083333,0.72464,0.06666,0.04876,                         ,0.04779,-0.00129,0.02879,-0.01229
13.166667,0.72541,0.06581,0.04379,                         ,0.04795,-0.00129,0.02864,-0.01031
13.25,0.72541,0.06581,0.04667,                         ,0.05005,-0.00086,0.0291,-0.0106
13.333333,0.72541,0.06716,0.04587,                         ,0.04924,0,0.02972,-0.00975
13.416667,0.72541,0.06903,0.04635,                         ,0.05038,-0.00072,0.03033,-0.00875
13.5,0.72618,0.06886,0.0478,                         ,0.05151,-0.00043,0.03126,-0.00961
13.583333,0.72772,0.07005,0.05086,                         ,0.05119,0.00087,0.03189,-0.00918
13.666667,0.7285,0.06514,0.04925,                         ,0.05135,0.0013,0.03251,-0.00818
13.75,0.7285,0.07107,0.05281,                         ,0.0538,0.00159,0.03422,-0.0089
13.833333,0.73005,0.07295,0.05103,                         ,0.05282,0.0013,0.03329,-0.0079
13.916667,0.72927,0.07124,0.05038,                         ,0.05495,0.00275,0.03469,-0.00762
14,0.72927,0.0726,0.05135,                         ,0.05593,0.00144,0.03453,-0.00733
14.083333,0.73005,0.07295,0.05363,                         ,0.05544,0.00318,0.03532,-0.0069
14.166667,0.73083,0.07449,0.0533,                         ,0.05478,0.00289,0.03563,-0.00519
14.25,0.73161,0.07432,0.05477,                         ,0.05659,0.00362,0.03767,-0.00662
14.333333,1.08752,0.26508,0.05444,                         ,0.05495,0.00362,0.03657,-0.00946
14.416667,1.08752,0.26615,0.05461,                         ,0.05511,0.00333,0.03783,-0.0059
14.5,1.08752,0.26615,0.05543,                         ,0.05824,0.00522,0.03799,-0.00404
14.583333,1.08752,0.26615,0.0569,                         ,0.05807,0.00551,0.03925,-0.00433
14.666667,1.08752,0.26802,0.0569,                         ,0.05857,0.00536,0.03893,-0.00733
14.75,1.08752,0.26695,0.05789,                         ,0.06006,0.0058,0.03956,-0.00275
14.833333,1.08752,0.26856,0.05855,                         ,0.05973,0.00522,0.04115,-0.00476
14.916667,1.0893,0.27044,0.05822,                         ,0.0599,0.00624,0.04067,-0.00361
15,1.0893,0.26936,0.06004,                         ,0.05923,0.00902,0.04242,-0.00231
15.083333,1.0893,0.27071,0.0597,                         ,0.06239,0.00829,0.04306,-0.00246
15.166667,1.0893,0.27098,0.06169,                         ,0.06039,0.00844,0.04369,-0.00029
15.25,1.0893,0.27071,0.06253,                         ,0.06223,0.00932,0.04417,-0.00188
15.333333,1.09108,0.27152,0.06336,                         ,0.06256,0.00976,0.04449,-0.0049
15.416667,1.0893,0.27342,0.06186,                         ,0.06323,0.01035,0.04481,-0.00058
15.5,1.0893,0.27396,0.06386,                         ,0.06541,0.01035,0.04561,-0.00014
15.583333,1.09108,0.27369,0.06453,                         ,0.0649,0.01094,0.04674,0.00044
15.666667,1.09108,0.27478,0.06503,                         ,0.0644,0.0105,0.04722,-0.00159
15.75,1.09108,0.27478,0.06637,                         ,0.06642,0.01242,0.04851,0.00247
15.833333,1.09108,0.27614,0.06839,                         ,0.0676,0.01286,0.04867,0.00116
15.916667,1.09287,0.27669,0.06839,                         ,0.06743,0.01301,0.04883,0.00174
16,1.09287,0.27724,0.0694,                         ,0.06827,0.01361,0.05126,0.00189
16.083333,1.09287,0.27833,0.06974,                         ,0.06827,0.01405,0.05077,0.0032
16.166667,1.09287,0.27888,0.07042,                         ,0.06878,0.01525,0.05224,0.00291
16.25,1.09467,0.28192,0.0711,                         ,0.07014,0.0148,0.05175,0.00335
16.333333,1.09467,0.28137,0.07195,                         ,0.07014,0.0151,0.05305,0.00452
16.416667,1.09287,0.28054,0.07246,                         ,0.07048,0.01525,0.05338,0.00598
16.5,1.09467,0.28192,0.07468,                         ,0.07167,0.01659,0.05485,0.00305
16.583333,1.09467,0.28164,0.07382,                         ,0.07099,0.01674,0.056,0.00613
16.666667,1.09467,0.28331,0.07554,                         ,0.07304,0.01659,0.05616,0.0051
16.75,1.09467,0.28275,0.07691,                         ,0.07475,0.01614,0.05748,0.0054
16.833333,1.09648,0.28331,0.07691,                         ,0.07424,0.01674,0.05764,0.00452
16.916667,1.09467,0.28442,0.07691,                         ,0.07424,0.01749,0.05847,0.00598
17,1.09467,0.28581,0.07863,                         ,0.07682,0.01839,0.05962,0.00276
17.083333,1.09648,0.28386,0.08071,                         ,0.07578,0.01869,0.06012,0.00701
17.166667,1.09467,0.2875,0.0795,                         ,0.07768,0.01929,0.06045,0.00672
17.25,1.09648,0.28834,0.07933,                         ,0.07664,0.01884,0.06245,0.00775
17.333333,1.09829,0.28665,0.08071,                         ,0.07768,0.02005,0.06362,0.01027
17.416667,1.09648,0.2875,0.08158,                         ,0.0808,0.02095,0.06245,0.0076
17.5,1.09829,0.28862,0.08385,                         ,0.07941,0.0211,0.06462,0.00938
17.583333,1.09648,0.29172,0.08613,                         ,0.08098,0.02125,0.06428,0.00953
17.666667,1.09829,0.29031,0.08718,                         ,0.08202,0.02125,0.06529,0.00864
17.75,1.09829,0.29087,0.08842,                         ,0.0822,0.02231,0.06714,0.01027
17.833333,1.09829,0.29229,0.08859,                         ,0.08237,0.02338,0.06798,0.01056
17.916667,1.10011,0.29201,0.08859,                         ,0.08202,0.02262,0.06849,0.00908
18,1.10011,0.29343,0.08983,                         ,0.08395,0.02444,0.0695,0.00849
18.083333,1.10011,0.29457,0.09179,                         ,0.08518,0.02414,0.06933,0.0122
18.166667,1.10011,0.29542,0.09054,                         ,0.08465,0.02399,0.07154,0.00775
18.25,1.10011,0.29485,0.09393,                         ,0.08535,0.02551,0.07291,0.01295
18.333333,1.09829,0.29657,0.09375,                         ,0.08535,0.02658,0.07188,0.01384
18.416667,1.10011,0.298,0.0909,                         ,0.08624,0.02627,0.07291,0.01265
18.5,1.10194,0.30031,0.095,                         ,0.088,0.02627,0.07325,0.0131
18.583333,1.10194,0.29685,0.09447,                         ,0.08535,0.02673,0.07479,0.01235
18.666667,1.10011,0.29944,0.09644,                         ,0.08853,0.02873,0.0695,0.01414
18.75,1.10194,0.29915,0.09626,                         ,0.08924,0.02765,0.07137,0.01384
18.833333,1.10011,0.30146,0.09843,                         ,0.09263,0.02873,0.07256,0.01235
18.916667,1.10011,0.30204,0.09734,                         ,0.09174,0.02888,0.07427,0.01369
19,1.10194,0.30175,0.10042,                         ,0.09191,0.02873,0.07462,0.01175
19.083333,1.10194,0.30408,0.10024,                         ,0.09263,0.03012,0.07547,0.01474
19.166667,1.10194,0.30496,0.10297,                         ,0.09335,0.03043,0.07616,0.01071
19.25,1.10377,0.30437,0.10279,                         ,0.09514,0.03228,0.07737,0.0161
19.333333,1.10377,0.30437,0.10352,                         ,0.09442,0.03104,0.0784,0.01414
19.416667,1.10562,0.30671,0.10664,                         ,0.09731,0.03166,0.07927,0.01625
19.5,1.10562,0.30818,0.1048,                         ,0.0964,0.03275,0.081,0.01295
19.583333,1.10377,0.31024,0.10701,                         ,0.09912,0.03259,0.08083,0.01685
19.666667,1.10562,0.30995,0.10701,                         ,0.0993,0.03275,0.08222,0.0167
19.75,1.10747,0.30906,0.1083,                         ,0.10076,0.03337,0.08345,0.01685
19.833333,1.10562,0.31202,0.11034,                         ,0.10094,0.03306,0.08485,0.01399
19.916667,1.10747,0.31143,0.10867,                         ,0.10131,0.03446,0.08432,0.01745
20,1.10747,0.31172,0.11146,                         ,0.10149,0.03368,0.08573,0.01881
20.083333,1.10747,0.31143,0.11127,                         ,0.10442,0.03415,0.08661,0.01866
20.166667,1.10747,0.3147,0.11445,                         ,0.1024,0.03415,0.08573,0.0161
20.25,1.10747,0.315,0.11576,                         ,0.1035,0.03587,0.08872,0.01911
20.333333,1.10933,0.3186,0.11501,                         ,0.10645,0.03587,0.08872,0.01534
20.416667,1.10933,0.3168,0.11727,                         ,0.10774,0.03665,0.08997,0.01911
20.5,1.10933,0.3174,0.11841,                         ,0.10663,0.03696,0.0905,0.01715
20.583333,1.10933,0.31981,0.11954,                         ,0.10848,0.03681,0.09103,0.01896
20.666667,1.10933,0.32072,0.12164,                         ,0.10941,0.03728,0.0921,0.0176
20.75,1.10933,0.31951,0.12049,                         ,0.1096,0.03791,0.09299,0.02063
20.833333,1.1112,0.31981,0.12221,                         ,0.11053,0.03744,0.09515,0.0167
20.916667,1.1112,0.3259,0.12316,                         ,0.11202,0.03822,0.09659,0.02063
21,1.1112,0.32284,0.12336,                         ,0.11202,0.03791,0.09659,0.02018
21.083333,1.1112,0.32437,0.12412,                         ,0.11259,0.0398,0.09713,0.01896
21.166667,1.1112,0.32651,0.12701,                         ,0.11616,0.04011,0.09894,0.02018
21.25,1.1112,0.32651,0.12875,                         ,0.11578,0.04074,0.09803,0.02231
21.333333,1.1112,0.32559,0.12856,                         ,0.11597,0.04043,0.10021,0.01881
21.416667,1.11307,0.32712,0.13108,                         ,0.1173,0.04059,0.10039,0.02276
21.5,1.11307,0.32866,0.13304,                         ,0.1173,0.04185,0.10221,0.02215
21.583333,1.11307,0.32928,0.13323,                         ,0.11996,0.0409,0.10258,0.02215
21.666667,1.11307,0.33052,0.13363,                         ,0.11938,0.04185,0.10331,0.02307
21.75,1.11307,0.33238,0.13382,                         ,0.12167,0.04185,0.10422,0.02307
21.833333,1.11307,0.33207,0.13697,                         ,0.12244,0.04265,0.10422,0.02094
21.916667,1.11496,0.33145,0.13717,                         ,0.12417,0.04344,0.10606,0.02384
22,1.11496,0.333,0.13796,                         ,0.12244,0.04504,0.10698,0.02522
22.083333,1.11496,0.3355,0.13915,                         ,0.12378,0.04456,0.10735,0.02491
22.166667,1.11496,0.33582,0.14234,                         ,0.12726,0.04584,0.10367,0.02506
22.25,1.11496,0.33519,0.14154,                         ,0.12571,0.04584,0.10441,0.02506
22.333333,1.11685,0.33833,0.14455,                         ,0.1294,0.0468,0.10514,0.02691
22.416667,1.11496,0.34118,0.14575,                         ,0.1292,0.04664,0.10386,0.02706
22.5,1.11685,0.3396,0.14636,                         ,0.13076,0.04825,0.10551,0.0246
22.583333,1.11685,0.34277,0.14818,                         ,0.13135,0.04632,0.10551,0.02753
22.666667,1.11685,0.34437,0.14899,                         ,0.13272,0.04921,0.10698,0.02583
22.75,1.11875,0.34309,0.15103,                         ,0.13193,0.04841,0.10698,0.02784
22.833333,1.11685,0.34533,0.15164,                         ,0.1335,0.04825,0.10846,0.02583
22.916667,1.11875,0.34437,0.15307,                         ,0.1337,0.04986,0.10939,0.02938
23,1.11875,0.34565,0.15348,                         ,0.13508,0.05099,0.11032,0.02675
23.083333,1.11875,0.34693,0.15657,                         ,0.13646,0.05278,0.11293,0.03109
23.166667,1.12066,0.34758,0.15678,                         ,0.13726,0.05083,0.11275,0.0283
23.25,1.12066,0.35081,0.16052,                         ,0.13845,0.05359,0.11275,0.03172
23.333333,1.12066,0.35211,0.16031,                         ,0.13984,0.05359,0.11125,0.02845
23.416667,1.12066,0.35276,0.1624,                         ,0.14204,0.0549,0.11481,0.03391
23.5,1.12066,0.35472,0.16324,                         ,0.14445,0.05473,0.11575,0.03047
23.583333,1.12066,0.35374,0.16429,                         ,0.14325,0.05424,0.11764,0.03422
23.666667,1.12066,0.35571,0.16619,                         ,0.14486,0.05637,0.11707,0.03094
23.75,1.12258,0.35603,0.16746,                         ,0.14445,0.05818,0.11878,0.03674
23.833333,1.12258,0.35768,0.17001,                         ,0.14708,0.05686,0.11783,0.03422
23.916667,1.12258,0.36033,0.17022,                         ,0.14648,0.05785,0.11992,0.03737
24,1.1245,0.35834,0.1715,                         ,0.14993,0.05884,0.11916,0.03422
24.083333,1.1245,0.36199,0.17451,                         ,0.15034,0.06049,0.12144,0.03784
24.166667,1.1245,0.36266,0.17386,                         ,0.14993,0.06082,0.1224,0.03816
24.25,1.1245,0.36232,0.1784,                         ,0.15362,0.06032,0.12316,0.04165
24.333333,1.1245,0.36232,0.17754,                         ,0.15362,0.06182,0.12489,0.03974
24.416667,1.12644,0.36803,0.17971,                         ,0.15589,0.06298,0.12508,0.04149
24.5,1.12644,0.36735,0.18168,                         ,0.15797,0.06331,0.12566,0.0407
24.583333,1.12644,0.36634,0.18387,                         ,0.15797,0.06331,0.12605,0.04534
24.666667,1.12644,0.37006,0.18608,                         ,0.16194,0.06632,0.12759,0.04213
24.75,1.12838,0.37244,0.18763,                         ,0.16194,0.06683,0.12953,0.04971
24.833333,1.12838,0.37244,0.18874,                         ,0.16278,0.06834,0.12876,0.04971
24.916667,1.12838,0.3721,0.19075,                         ,0.16257,0.06969,0.12973,0.04954
25,1.13033,0.37655,0.19187,                         ,0.16447,0.06986,0.13187,0.04922
25.083333,1.12838,0.37759,0.19457,                         ,0.16786,0.07139,0.13148,0.05215
25.166667,1.13033,0.37759,0.19367,                         ,0.16722,0.07105,0.13482,0.05346
25.25,1.13033,0.37828,0.19751,                         ,0.16914,0.0719,0.1362,0.05494
25.333333,1.13229,0.38105,0.1991,                         ,0.1702,0.07343,0.13679,0.05264
25.416667,1.13229,0.38036,0.20047,                         ,0.17149,0.07411,0.13679,0.05593
25.5,1.13229,0.38245,0.20254,                         ,0.17342,0.07634,0.1358,0.05708
25.583333,1.13229,0.38314,0.20415,                         ,0.17559,0.0772,0.1362,0.0599
25.666667,1.13426,0.3856,0.20739,                         ,0.17624,0.0784,0.13937,0.05774
25.75,1.13426,0.38736,0.20809,                         ,0.17732,0.07806,0.14296,0.06123
25.833333,1.13426,0.38878,0.20785,                         ,0.17928,0.07927,0.14256,0.05841
25.916667,1.13624,0.38913,0.20995,                         ,0.17994,0.08048,0.14316,0.06324
26,1.13426,0.39019,0.213,                         ,0.18235,0.08222,0.14357,0.06107
26.083333,1.13624,0.39162,0.21465,                         ,0.18125,0.08169,0.14558,0.06492
26.166667,1.13624,0.39233,0.2156,                         ,0.18456,0.08396,0.14801,0.06442
26.25,1.13624,0.3952,0.21893,                         ,0.18522,0.08606,0.14963,0.06881
26.333333,1.14023,0.39772,0.21964,                         ,0.18811,0.08747,0.15086,0.06915
26.416667,1.14023,0.39808,0.22397,                         ,0.18878,0.08554,0.15291,0.07051
26.5,1.14023,0.39917,0.22324,                         ,0.19147,0.08782,0.15414,0.07205
26.583333,1.14023,0.40318,0.22542,                         ,0.19214,0.08818,0.15496,0.07291
26.666667,1.14023,0.40063,0.22907,                         ,0.19553,0.08959,0.15496,0.07274
26.75,1.14223,0.40282,0.22907,                         ,0.19667,0.09048,0.15765,0.07549
26.833333,1.14223,0.40612,0.23078,                         ,0.19576,0.09172,0.15765,0.07739
26.916667,1.14223,0.40538,0.23152,                         ,0.19667,0.09315,0.1589,0.07721
27,1.14425,0.40982,0.23547,                         ,0.19986,0.09458,0.16308,0.07965
27.083333,1.14425,0.40797,0.2372,                         ,0.19917,0.09547,0.1614,0.08087
27.166667,1.14627,0.40982,0.2372,                         ,0.2017,0.09601,0.16308,0.08279
27.25,1.14627,0.41169,0.2407,                         ,0.20262,0.09835,0.16287,0.08227
27.333333,1.14425,0.41468,0.24171,                         ,0.20424,0.09871,0.16519,0.08402
27.416667,1.14831,0.41544,0.24372,                         ,0.20772,0.09962,0.1673,0.08631
27.5,1.14627,0.41544,0.24575,                         ,0.20749,0.10089,0.16837,0.08631
27.583333,1.14831,0.41808,0.24855,                         ,0.20795,0.1018,0.16964,0.08738
27.666667,1.15035,0.42112,0.25086,                         ,0.21076,0.10344,0.16922,0.08844
27.75,1.15035,0.42036,0.2524,                         ,0.21241,0.10546,0.17007,0.09004
27.833333,1.15035,0.42112,0.25266,                         ,0.21312,0.10417,0.17286,0.08844
27.916667,1.1524,0.42419,0.25498,                         ,0.21644,0.10638,0.17436,0.09201
28,1.1524,0.42496,0.25654,                         ,0.21787,0.10748,0.17674,0.09237
28.083333,1.1524,0.42882,0.25863,                         ,0.21858,0.10859,0.17631,0.09579
28.166667,1.15447,0.42921,0.25941,                         ,0.2193,0.10952,0.17826,0.09561
28.25,1.15654,0.4296,0.26363,                         ,0.22243,0.11193,0.16667,0.09597
28.333333,1.15447,0.43508,0.26575,                         ,0.22436,0.11175,0.16986,0.09978
28.416667,1.15654,0.4339,0.26708,                         ,0.22704,0.11212,0.169,0.10015
28.5,1.15654,0.43587,0.27002,                         ,0.22679,0.11436,0.1673,0.10179
28.583333,1.15862,0.43627,0.26922,                         ,0.22875,0.11624,0.169,0.10179
28.666667,1.15862,0.43984,0.27352,                         ,0.23145,0.11756,0.17221,0.10289
28.75,1.16072,0.44064,0.27651,                         ,0.23194,0.11756,0.17436,0.10566
28.833333,1.16072,0.44344,0.2776,                         ,0.23367,0.1204,0.17631,0.10143
28.916667,1.16072,0.44264,0.28117,                         ,0.23541,0.12097,0.17913,0.10695
29,1.16282,0.44626,0.28227,                         ,0.2384,0.12212,0.1811,0.10937
29.083333,1.16282,0.44788,0.28393,                         ,0.24016,0.12345,0.18484,0.11049
29.166667,1.16493,0.44869,0.28755,                         ,0.24192,0.12422,0.18617,0.10863
29.25,1.16493,0.44992,0.28979,                         ,0.24445,0.12653,0.18794,0.10937
29.333333,1.16706,0.45196,0.28979,                         ,0.24623,0.12653,0.18816,0.11199
29.416667,1.16706,0.45278,0.29374,                         ,0.247,0.12904,0.19062,0.11538
29.5,1.16919,0.45401,0.29658,                         ,0.24751,0.12943,0.19242,0.11387
29.583333,1.16919,0.4569,0.2963,                         ,0.25084,0.13118,0.19354,0.11842
29.666667,1.16919,0.45898,0.29973,                         ,0.25213,0.13293,0.19693,0.11728
29.75,1.17134,0.46191,0.29973,                         ,0.25446,0.13352,0.19876,0.12167
29.833333,1.17349,0.46317,0.30291,                         ,0.25838,0.13667,0.20173,0.11842
29.916667,1.17349,0.46275,0.3061,                         ,0.25655,0.13588,0.20403,0.12378
30,1.17566,0.46952,0.31021,                         ,0.26101,0.13825,0.20635,0.12186
30.083333,1.17566,0.47037,0.31109,                         ,0.26233,0.13984,0.20612,0.12513
30.166667,1.17566,0.46995,0.31375,                         ,0.26259,0.14063,0.20751,0.12824
30.25,1.17783,0.47209,0.31614,                         ,0.26551,0.14243,0.20938,0.12999
30.333333,1.17783,0.47424,0.31673,                         ,0.26631,0.14383,0.21172,0.13097
30.416667,1.18002,0.47597,0.32064,                         ,0.27033,0.14645,0.21313,0.13195
30.5,1.18002,0.4777,0.32184,                         ,0.27087,0.14786,0.21764,0.13353
30.583333,1.18222,0.48032,0.32245,                         ,0.27494,0.14887,0.21787,0.13669
30.666667,1.18002,0.48075,0.32641,                         ,0.27467,0.1507,0.22194,0.13689
30.75,1.18222,0.48295,0.32886,                         ,0.27603,0.15111,0.22243,0.13828
30.833333,1.18443,0.48515,0.33163,                         ,0.2774,0.15254,0.22508,0.14088
30.916667,1.18665,0.4856,0.33318,                         ,0.28263,0.15418,0.22581,0.14088
31,1.18665,0.48871,0.33474,                         ,0.28402,0.15686,0.22727,0.14048
31.083333,1.18889,0.49005,0.34101,                         ,0.28319,0.15831,0.22898,0.14471
31.166667,1.18889,0.49229,0.34228,                         ,0.28737,0.15914,0.22849,0.14572
31.25,1.19113,0.49499,0.34291,                         ,0.29046,0.16248,0.228,0.14959
31.333333,1.19113,0.49545,0.34674,-0.1236,0.29131,0.16227,0.22922,0.14939
31.416667,1.19339,0.49863,0.34706,-0.12251,0.29272,0.16374,0.2302,0.15103
31.5,1.19339,0.50092,0.34995,-0.12022,0.29471,0.16563,0.23217,0.15
31.583333,1.19565,0.50275,0.35287,-0.11736,0.29959,0.1669,0.23168,0.15453
31.666667,1.19793,0.50368,0.35613,-0.11637,0.29815,0.16859,0.23439,0.15391
31.75,1.19793,0.50414,0.3581,-0.11493,0.29987,0.1703,0.23887,0.15931
31.833333,1.20022,0.50832,0.35777,-0.11081,0.30393,0.17286,0.24163,0.15973
31.916667,1.20022,0.51206,0.36107,-0.11003,0.30393,0.17394,0.24138,0.16162
32,1.20253,0.51066,0.36372,-0.10744,0.30744,0.17609,0.24492,0.1612
32.083333,1.20253,0.51395,0.36774,-0.10473,0.30861,0.17631,0.24517,0.16585
32.166667,1.20485,0.51442,0.37043,-0.10336,0.31186,0.17847,0.24746,0.16458
32.25,1.20717,0.51775,0.37213,-0.10051,0.31216,0.18087,0.24848,0.1699
32.333333,1.20717,0.51918,0.37485,-0.09729,0.31394,0.18394,0.24925,0.16776
32.416667,1.20717,0.52158,0.37863,-0.09809,0.31573,0.18504,0.25105,0.17464
32.5,1.21187,0.52496,0.38036,-0.09323,0.32115,0.18792,0.25311,0.17443
32.583333,1.21187,0.52447,0.38348,-0.09101,0.32085,0.18881,0.25493,0.17878
32.666667,1.21187,0.52739,0.38488,-0.08889,0.32449,0.19059,0.25701,0.17595
32.75,1.21424,0.52934,0.39086,-0.08701,0.32419,0.19328,0.26041,0.18097
32.833333,1.21424,0.5318,0.39015,-0.08452,0.32541,0.19441,0.25989,0.1823
32.916667,1.21662,0.53229,0.39264,-0.08189,0.33002,0.19712,0.26173,0.18562
33,1.21901,0.53925,0.39335,-0.07925,0.33064,0.19894,0.2673,0.18473
33.083333,1.22141,0.53825,0.39801,-0.07744,0.33375,0.19985,0.27241,0.18852
33.166667,1.22141,0.53975,0.39801,-0.07587,0.335,0.20306,0.27268,0.19098
33.25,1.22141,0.54226,0.40309,-0.07502,0.33814,0.20398,0.27376,0.19256
33.333333,1.22627,0.54429,0.40528,-0.07013,0.33814,0.20768,0.27675,0.19369
33.416667,1.22627,0.5453,0.40822,-0.07001,0.34257,0.20791,0.27894,0.1946
33.5,1.22871,0.54887,0.41267,-0.06519,0.34352,0.20977,0.28004,0.19574
33.583333,1.22871,0.5499,0.41193,-0.06457,0.34672,0.21259,0.27922,0.19985
33.666667,1.23117,0.55299,0.41529,-0.06207,0.34704,0.21518,0.28114,0.20377
33.75,1.23117,0.55506,0.41981,-0.06006,0.35222,0.2166,0.28809,0.20516
33.833333,1.23365,0.55871,0.41981,-0.05691,0.35222,0.21779,0.28921,0.20656
33.916667,1.23614,0.55924,0.424,-0.05322,0.35548,0.22041,0.29147,0.20984
34,1.23614,0.56134,0.42592,-0.05014,0.35811,0.22474,0.29515,0.21243
34.083333,1.23614,0.56292,0.42978,-0.04795,0.36109,0.22595,0.29715,0.21433
34.166667,1.24116,0.56718,0.42708,-0.04717,0.36342,0.22911,0.29916,0.21457
34.25,1.24116,0.56771,0.43329,-0.04405,0.36543,0.23058,0.30407,0.21982
34.333333,1.24369,0.56932,0.43368,-0.0413,0.36577,0.23058,0.30553,0.21767
34.416667,1.24369,0.56985,0.438,-0.03933,0.36812,0.23328,0.30787,0.22127
34.5,1.24624,0.57363,0.44157,-0.03588,0.36913,0.2365,0.30934,0.22151
34.583333,1.24624,0.57854,0.44517,-0.03362,0.37458,0.23774,0.31258,0.22563
34.666667,1.2488,0.58019,0.44598,-0.0308,0.37492,0.24099,0.31765,0.22637
34.75,1.25138,0.58019,0.4484,-0.02945,0.37733,0.24225,0.31855,0.23152
34.833333,1.25138,0.58461,0.45287,-0.02702,0.38079,0.24376,0.32097,0.23029
34.916667,1.25397,0.58517,0.45328,-0.02402,0.38183,0.24705,0.32036,0.2345
35,1.25397,0.58796,0.45864,-0.0232,0.38428,0.24909,0.32859,0.2345
35.083333,1.25658,0.59021,0.4603,-0.01783,0.38779,0.24986,0.32522,0.24076
35.166667,1.25658,0.59304,0.46197,-0.01644,0.38815,0.25269,0.33044,0.23925
35.25,1.2592,0.5936,0.46743,-0.01126,0.3917,0.25398,0.33198,0.24482
35.333333,1.2592,0.59932,0.46912,-0.00929,0.39384,0.25657,0.33323,0.24405
35.416667,1.26184,0.59932,0.4704,-0.00645,0.39635,0.25709,0.33478,0.25046
35.5,1.2645,0.59989,0.47511,-0.00474,0.39961,0.26128,0.34044,0.24866
35.583333,1.2645,0.60336,0.47727,-0.00187,0.40252,0.2655,0.3417,0.25357
35.666667,1.26717,0.60628,0.4803,0.00029,0.40362,0.2663,0.34584,0.25383
35.75,1.26986,0.60745,0.48293,0.00508,0.40619,0.2679,0.35099,0.25853
35.833333,1.27257,0.61216,0.486,0.00582,0.41063,0.27219,0.35229,0.26196
35.916667,1.27257,0.61454,0.48822,0.00846,0.41287,0.27327,0.35229,0.26489
36,1.27529,0.61573,0.49044,0.01067,0.41512,0.27381,0.35686,0.26515
36.083333,1.27529,0.61813,0.49268,0.01604,0.41662,0.27844,0.35785,0.2681
36.166667,1.27803,0.62235,0.49718,0.01709,0.41852,0.27981,0.36082,0.26891
36.25,1.27803,0.62418,0.50082,0.0204,0.42041,0.28228,0.36016,0.27351
36.333333,1.28079,0.62418,0.50173,0.02375,0.42347,0.28588,0.36481,0.27324
36.416667,1.28356,0.62969,0.50311,0.0265,0.42732,0.28588,0.36649,0.27679
36.5,1.28636,0.62908,0.50772,0.0302,0.4316,0.28896,0.37462,0.28037
36.583333,1.28356,0.63217,0.51098,0.03378,0.4312,0.29177,0.37805,0.28286
36.666667,1.28917,0.63653,0.51521,0.03597,0.43591,0.29346,0.3784,0.28175
36.75,1.292,0.63968,0.51616,0.0388,0.43868,0.2946,0.38395,0.28761
36.833333,1.292,0.64158,0.52187,0.04213,0.44067,0.29802,0.38781,0.28818
36.916667,1.292,0.64031,0.52235,0.04597,0.44227,0.30089,0.38605,0.29384
37,1.29484,0.64668,0.52669,0.04565,0.44589,0.30465,0.38852,0.29498
37.083333,1.29771,0.64796,0.52766,0.05049,0.44589,0.30581,0.391,0.29872
37.166667,1.3006,0.65184,0.53353,0.05325,0.45076,0.30815,0.39528,0.30103
37.25,1.3035,0.65379,0.5365,0.05571,0.45198,0.30932,0.39816,0.30394
37.333333,1.3035,0.65444,0.53848,0.06,0.45445,0.31375,0.40069,0.3054
37.416667,1.30643,0.65838,0.54048,0.06216,0.45775,0.31583,0.40324,0.30863
37.5,1.30643,0.65904,0.544,0.06567,0.4615,0.31822,0.4058,0.31249
37.583333,1.30937,0.66369,0.54958,0.06803,0.46402,0.32123,0.40617,0.31308
37.666667,1.31233,0.66569,0.55009,0.07142,0.4674,0.32395,0.40801,0.31159
37.75,1.31532,0.66973,0.55524,0.07587,0.46698,0.32547,0.41396,0.31909
37.833333,1.31832,0.67109,0.55627,0.07622,0.46867,0.32945,0.4181,0.3203
37.916667,1.31832,0.67245,0.55888,0.07915,0.4764,0.33161,0.42,0.32364
38,1.31832,0.67586,0.56307,0.08368,0.47727,0.33223,0.42152,0.32303
38.083333,1.32135,0.67724,0.56519,0.0872,0.48031,0.33316,0.42843,0.32856
38.166667,1.3244,0.68417,0.57105,0.09039,0.48515,0.33659,0.43037,0.32825
38.25,1.32747,0.68417,0.5732,0.09324,0.48692,0.33784,0.43545,0.33384
38.333333,1.33056,0.68769,0.5732,0.0963,0.48914,0.34257,0.4406,0.33415
38.416667,1.33056,0.69051,0.57809,0.1001,0.49317,0.34767,0.44219,0.34046
38.5,1.33367,0.69408,0.58082,0.10449,0.49543,0.35089,0.44379,0.34364
38.583333,1.33367,0.69695,0.58746,0.10651,0.50043,0.35186,0.44742,0.34524
38.666667,1.33367,0.69839,0.58914,0.10873,0.50273,0.35478,0.45107,0.34557
38.75,1.33681,0.70129,0.59194,0.11152,0.50503,0.35773,0.4523,0.34976
38.833333,1.34315,0.70421,0.59591,0.11509,0.50411,0.36135,0.45599,0.34911
38.916667,1.33997,0.70863,0.59819,0.11925,0.50735,0.36301,0.46181,0.35663
39,1.34635,0.71011,0.6022,0.12364,0.51203,0.36501,0.46558,0.35663
39.083333,1.34635,0.71234,0.60452,0.12499,0.51628,0.36702,0.45558,0.3626
39.166667,1.34958,0.71534,0.6086,0.12905,0.52009,0.3714,0.46097,0.3636
39.25,1.35284,0.7176,0.61153,0.13022,0.51914,0.37548,0.46685,0.36798
39.333333,1.35611,0.72139,0.6139,0.1363,0.52539,0.37617,0.47067,0.36967
39.416667,1.35611,0.72522,0.61986,0.13749,0.53027,0.37857,0.47238,0.37377
39.5,1.35942,0.72908,0.62469,0.14107,0.53174,0.38134,0.48016,0.37445
39.583333,1.35942,0.72908,0.62409,0.14509,0.5347,0.38307,0.48279,0.37617
39.666667,1.36274,0.73219,0.62958,0.14833,0.53818,0.38727,0.48587,0.38033
39.75,1.3661,0.73769,0.63328,0.15159,0.54068,0.39044,0.48897,0.38382
39.833333,1.36948,0.74167,0.63328,0.15468,0.54421,0.39257,0.493,0.38628
39.916667,1.36948,0.74167,0.63952,0.15819,0.54421,0.39328,0.49435,0.38734
40,1.37288,0.74487,0.64268,0.16028,0.54879,0.39794,0.49842,0.39018
40.083333,1.37632,0.74648,0.64713,0.16596,0.5529,0.39902,0.5007,0.39447
40.166667,1.37632,0.74972,0.65098,0.16787,0.55601,0.40156,0.50529,0.39412
40.25,1.37978,0.75135,0.65357,0.17107,0.55915,0.4052,0.50761,0.3999
40.333333,1.38327,0.75628,0.65618,0.17494,0.56125,0.40777,0.51087,0.40099
40.416667,1.38678,0.75876,0.66077,0.17819,0.56654,0.41073,0.51369,0.4054
40.5,1.38678,0.76294,0.66409,0.18147,0.56868,0.41147,0.51605,0.40687
40.583333,1.39033,0.76546,0.66609,0.18455,0.5719,0.41483,0.51938,0.41134
40.666667,1.39033,0.76885,0.67214,0.18988,0.57624,0.42048,0.52225,0.41096
40.75,1.3939,0.77226,0.67691,0.1928,0.57788,0.42162,0.52466,0.41736
40.833333,1.39751,0.77397,0.68035,0.19619,0.58117,0.42544,0.52903,0.41964
40.916667,1.39751,0.77656,0.68381,0.19892,0.58449,0.42621,0.53493,0.42346
41,1.40114,0.78178,0.68521,0.20398,0.58672,0.43007,0.53791,0.4227
41.083333,1.4048,0.78442,0.68871,0.20351,0.59177,0.43007,0.54241,0.42888
41.166667,1.4085,0.78796,0.69296,0.20956,0.59574,0.43553,0.54493,0.42849
41.25,1.4085,0.79152,0.69724,0.2119,0.59975,0.43829,0.54798,0.43279
41.333333,1.41223,0.79422,0.70085,0.21639,0.6038,0.43829,0.55054,0.43475
41.416667,1.41599,0.79602,0.70302,0.21902,0.60613,0.44386,0.5557,0.43832
41.5,1.41599,0.80149,0.70668,0.22334,0.6073,0.44748,0.55882,0.44191
41.583333,1.41978,0.80517,0.7111,0.2265,0.6126,0.44869,0.56302,0.44635
41.666667,1.42361,0.80702,0.71707,0.22942,0.61617,0.4499,0.5694,0.44554
41.75,1.42361,0.81169,0.71933,0.23534,0.61856,0.45603,0.57263,0.45124
41.833333,1.42747,0.81357,0.72312,0.23609,0.624,0.45686,0.57479,0.45083
41.916667,1.43136,0.81925,0.72849,0.24034,0.62522,0.46017,0.57915,0.45618
42,1.43529,0.82021,0.73159,0.24362,0.63136,0.46351,0.58466,0.45951
42.083333,1.43529,0.82309,0.73549,0.24973,0.63198,0.46645,0.58577,0.46413
42.166667,1.43926,0.82696,0.73864,0.25205,0.63634,0.46899,0.588,0.46286
42.25,1.44326,0.83086,0.74181,0.25516,0.63948,0.47282,0.58355,0.46922
42.333333,1.44326,0.8348,0.745,0.25986,0.64264,0.47368,0.588,0.46794
42.416667,1.4473,0.83778,0.74902,0.26197,0.64904,0.47799,0.59533,0.47222
42.5,1.4473,0.83978,0.75309,0.26621,0.65098,0.48321,0.60163,0.47481
42.583333,1.45138,0.84481,0.7605,0.26969,0.65619,0.48365,0.6051,0.47785
42.666667,1.4555,0.84481,0.76216,0.2732,0.65816,0.48762,0.60568,0.48135
42.75,1.4555,0.8499,0.76467,0.2781,0.6608,0.48895,0.61273,0.48576
42.833333,1.45965,0.85402,0.76804,0.28085,0.66612,0.49252,0.61629,0.48532
42.916667,1.45965,0.85713,0.77399,0.28334,0.66949,0.49521,0.61868,0.48977
43,1.46809,0.86132,0.77743,0.28808,0.67152,0.49974,0.62169,0.49067
43.083333,1.46809,0.86448,0.78264,0.29146,0.67561,0.50202,0.62655,0.49882
43.166667,1.47237,0.86874,0.78527,0.29572,0.68043,0.5057,0.63147,0.49928
43.25,1.47237,0.87196,0.79058,0.29944,0.68391,0.50848,0.63706,0.50111
43.333333,1.47669,0.87848,0.79147,0.30291,0.68882,0.50987,0.64083,0.50388
43.416667,1.48105,0.88067,0.79685,0.30553,0.69166,0.51409,0.64337,0.50946
43.5,1.48105,0.87957,0.80139,0.30993,0.69523,0.51644,0.64464,0.5104
43.583333,1.48546,0.88732,0.80598,0.31378,0.6981,0.51977,0.64848,0.51512
43.666667,1.48992,0.88843,0.81061,0.31736,0.70173,0.52312,0.64976,0.51702
43.75,1.48992,0.89181,0.81155,0.32219,0.70832,0.52649,0.65235,0.52182
43.833333,1.49442,0.89634,0.82003,0.32493,0.7098,0.53136,0.65691,0.5223
43.916667,1.49896,0.90208,0.8229,0.32799,0.71427,0.53431,0.65888,0.5296
44,1.49896,0.90439,0.82482,0.33294,0.71955,0.53877,0.66551,0.53157
44.083333,1.50356,0.90789,0.82869,0.33637,0.7203,0.54077,0.67156,0.53453
44.166667,1.50356,0.91142,0.83456,0.34141,0.72412,0.54378,0.6736,0.53404
44.25,1.5082,0.91736,0.84151,0.34396,0.72719,0.54732,0.67908,0.54154
44.333333,1.5129,0.91856,0.84452,0.34748,0.73263,0.55243,0.68324,0.54204
44.416667,1.51765,0.92096,0.84756,0.35265,0.73813,0.55553,0.68673,0.54661
44.5,1.51765,0.92704,0.84959,0.35723,0.7413,0.56126,0.69523,0.54917
44.583333,1.52244,0.93196,0.85472,0.35888,0.74611,0.56389,0.69667,0.5559
44.666667,1.5273,0.93072,0.85991,0.36352,0.75097,0.56653,0.69955,0.55434
44.75,1.5273,0.93945,0.86305,0.36788,0.75342,0.5708,0.70683,0.56061
44.833333,1.5322,0.93945,0.8694,0.37194,0.7592,0.57457,0.70904,0.56326
44.916667,1.5322,0.94579,0.87154,0.37501,0.7617,0.5762,0.71127,0.56806
45,1.53717,0.94835,0.87694,0.37949,0.76505,0.58111,0.71499,0.56967
45.083333,1.54219,0.95222,0.87912,0.38296,0.77184,0.58442,0.718,0.574
45.166667,1.54219,0.95613,0.88571,0.38752,0.77441,0.58664,0.72407,0.57508
45.25,1.54219,0.96007,0.88905,0.39284,0.77786,0.59167,0.72791,0.58278
45.333333,1.55241,0.96405,0.8958,0.39499,0.78222,0.59506,0.73335,0.58278
45.416667,1.55241,0.96672,0.89807,0.40077,0.78662,0.59733,0.74123,0.5878
45.5,1.55761,0.97212,0.90381,0.40442,0.79375,0.60134,0.74442,0.59005
45.583333,1.55761,0.97896,0.90613,0.40847,0.79375,0.60713,0.75007,0.59573
45.666667,1.56287,0.98172,0.91197,0.41405,0.80009,0.61182,0.75169,0.59573
45.75,1.5682,0.98451,0.91671,0.41781,0.80376,0.61359,0.75579,0.60264
45.833333,1.5682,0.98872,0.92029,0.42199,0.80653,0.61835,0.75992,0.60555
45.916667,1.5682,0.99582,0.92512,0.42853,0.81025,0.61955,0.76325,0.61203
46,1.5736,0.99582,0.92877,0.43047,0.81494,0.62498,0.7717,0.61262
46.083333,1.57906,1.00159,0.93493,0.43556,0.81969,0.63048,0.77427,0.618
46.166667,1.57906,1.00451,0.93867,0.43872,0.82449,0.63357,0.77685,0.61981
46.25,1.58459,1.00597,0.9437,0.4423,0.82934,0.63668,0.78294,0.62345
46.333333,1.58459,1.01337,0.94752,0.44916,0.83228,0.64044,0.78032,0.62651
46.416667,1.5902,1.01637,0.95008,0.45201,0.83425,0.64487,0.78646,0.63144
46.5,1.5902,1.01938,0.95525,0.45571,0.84121,0.64934,0.78646,0.63393
46.583333,1.59587,1.02548,0.95917,0.45985,0.84322,0.65256,0.79448,0.63959
46.666667,1.60163,1.02702,0.96445,0.46277,0.84829,0.65451,0.80173,0.64149
46.75,1.60163,1.03166,0.9698,0.47039,0.85136,0.65974,0.80632,0.64467
46.833333,1.60746,1.03636,0.97521,0.47252,0.85756,0.66371,0.81566,0.64853
46.916667,1.60163,1.05075,0.97385,0.4777,0.8607,0.66305,0.81661,0.65372
47,1.60746,1.09166,0.97794,0.74413,0.86386,0.66973,0.81946,0.657
47.083333,1.49896,0.94835,0.98484,0.48824,0.87024,0.67243,1.02358,0.68345
47.166667,1.5082,0.95222,0.98624,0.4995,0.87564,0.67788,1.03126,0.68626
47.25,1.5129,0.96007,0.99186,0.51012,0.88,0.68341,1.04067,0.6905
47.333333,1.51765,0.96405,0.99756,0.51766,0.88664,0.69041,1.04706,0.68979
47.416667,1.51765,0.96941,1.00333,0.52486,0.88775,0.69538,1.05191,0.6955
47.5,1.52244,0.97484,1.00478,0.53365,0.89111,0.70041,1.05518,0.6955
47.583333,1.5273,0.97896,1.01065,0.54062,0.89677,0.7077,1.06178,0.70057
47.666667,1.5322,0.98172,1.01511,0.54617,0.90136,0.71213,1.06345,0.70422
47.75,1.53717,0.99013,1.01961,0.55334,0.90833,0.71586,1.0668,0.70939
47.833333,1.54219,0.99439,1.02721,0.56063,0.91422,0.72038,1.07188,0.71311
47.916667,1.54727,0.9987,1.02875,0.56432,0.91541,0.72494,1.0753,0.71915
48,1.55241,1.00305,1.03495,0.57018,0.92019,0.72955,1.07875,0.72219
48.083333,1.55761,1.00892,1.03809,0.57668,0.92261,0.73499,1.08222,0.72681
48.166667,1.56287,1.01188,1.04764,0.58326,0.93239,0.73892,1.08573,0.73225
48.25,1.56287,1.01637,1.04764,0.58939,0.93612,0.74289,1.08926,0.7346
48.333333,1.5682,1.02395,1.05575,0.59334,0.93862,0.7477,1.09461,0.73935
48.416667,1.5736,1.02856,1.05904,0.59961,0.94367,0.75175,1.10002,0.74576
48.5,1.57906,1.03011,1.06403,0.60249,0.95007,0.75665,1.10551,0.74981
48.583333,1.58459,1.03636,1.07076,0.6089,0.95526,0.76079,1.10735,0.75556
48.666667,1.5902,1.0411,1.07588,0.61303,0.95919,0.7658,1.11293,0.75804
48.75,1.59587,1.0459,1.07933,0.6178,0.96715,0.76917,1.11859,0.76305
48.833333,1.60163,1.05075,1.0828,0.62322,0.9685,0.77686,1.12049,0.76727
48.916667,1.60163,1.05566,1.08806,0.62871,0.97391,0.77945,1.12624,0.77068
49,1.60746,1.05896,1.09518,0.63242,0.97801,0.78468,1.13207,0.7767
49.083333,1.61336,1.06565,1.1006,0.63803,0.98355,0.78909,1.136,0.78019
49.166667,1.61935,1.07243,1.10425,0.64118,0.98915,0.79444,1.13997,0.78458
49.25,1.62543,1.07933,1.10978,0.64626,0.9934,0.79895,1.14196,0.78901
49.333333,1.62543,1.08281,1.11351,0.65336,0.99913,0.80351,1.14397,0.79349
49.416667,1.63159,1.0881,1.12106,0.65531,1.00348,0.80719,1.15004,0.79893
49.5,1.63784,1.09345,1.12489,0.66389,1.00788,0.81371,1.1562,0.80352
49.583333,1.64418,1.09705,1.13069,0.66589,1.01083,0.81653,1.15828,0.80909
49.666667,1.65061,1.10435,1.13658,0.6706,1.01831,0.82223,1.16455,0.81096
49.75,1.65061,1.10805,1.14054,0.67948,1.02286,0.82415,1.16667,0.81758
49.833333,1.65714,1.11178,1.14455,0.68644,1.02899,0.83093,1.17307,0.82044
49.916667,1.66377,1.11743,1.14859,0.68855,1.03366,0.83485,1.17523,0.82333
50,1.67051,1.12316,1.15472,0.69209,1.03837,0.83881,1.17957,0.82818
50.083333,1.67051,1.12896,1.16094,0.69998,1.04313,0.8438,1.18396,0.83309
50.166667,1.67735,1.13484,1.16513,0.70435,1.04634,0.84988,1.18839,0.83706
50.25,1.6843,1.13881,1.1715,0.70728,1.05445,0.85397,1.19062,0.84206
50.333333,1.6843,1.14483,1.1758,0.71172,1.0594,0.85915,1.19512,0.8451
50.416667,1.69136,1.15093,1.18015,0.71771,1.0644,0.86545,1.19739,0.8502
50.5,1.69136,1.15505,1.18453,0.7215,1.06608,0.86863,1.20196,0.85433
50.583333,1.69854,1.1592,1.1912,0.72532,1.07458,0.87183,1.20658,0.85849
50.666667,1.70583,1.16551,1.1957,0.73228,1.0815,0.87614,1.21125,0.8627
50.75,1.70583,1.16764,1.20025,0.73698,1.08325,0.88159,1.21597,0.86695
50.833333,1.71326,1.17624,1.20484,0.74174,1.09031,0.886,1.22074,0.87124
50.916667,1.72081,1.1806,1.20949,0.74654,1.09388,0.88934,1.22315,0.87448
51,1.72081,1.18723,1.21655,0.75141,1.10112,0.89496,1.23045,0.87994
51.083333,1.7285,1.19171,1.21893,0.75797,1.10479,0.90065,1.23291,0.88548
51.166667,1.73632,1.19623,1.22373,0.7613,1.11034,0.90526,1.23787,0.88995
51.25,1.73632,1.2008,1.23103,0.76717,1.11597,0.90991,1.24289,0.89221
51.333333,1.74429,1.20775,1.23349,0.77227,1.11786,0.91581,1.24797,0.89676
51.416667,1.74429,1.21481,1.24095,0.77657,1.12552,0.92058,1.25054,0.90251
51.5,1.75241,1.21719,1.24347,0.78003,1.1294,0.92662,1.25311,0.906
51.583333,1.75241,1.22441,1.25111,0.78617,1.13726,0.92906,1.25831,0.91069
51.666667,1.76068,1.22929,1.25628,0.7906,1.14124,0.93398,1.26358,0.91306
51.75,1.76068,1.23423,1.25889,0.7978,1.14729,0.94021,1.26623,0.91783
51.833333,1.76912,1.23672,1.26681,0.80144,1.15342,0.94526,1.2716,0.92266
51.916667,1.76912,1.24174,1.26948,0.80696,1.15755,0.94909,1.2743,0.92877
52,1.77772,1.24682,1.27488,0.81255,1.16383,0.95295,1.27977,0.93123
52.083333,1.78649,1.25455,1.28034,0.81727,1.16807,0.95815,1.28252,0.93621
52.166667,1.78649,1.25978,1.28587,0.82108,1.17235,0.96341,1.28809,0.94125
52.25,1.78649,1.26508,1.28867,0.82396,1.17885,0.9674,1.2909,0.94379
52.333333,1.79545,1.27044,1.29716,0.83173,1.18544,0.9755,1.29373,0.94763
52.416667,1.79545,1.27587,1.30291,0.83765,1.1899,0.97823,1.30233,0.9541
52.5,1.80459,1.28137,1.30581,0.84165,1.1944,0.98793,1.30524,0.95671
52.583333,1.81393,1.28414,1.31168,0.84466,1.20124,0.98653,1.3111,0.96067
52.666667,1.81393,1.29257,1.31763,0.84974,1.20586,0.99357,1.31407,0.96466
52.75,1.82347,1.29542,1.32366,0.85592,1.21053,0.99928,1.31705,0.97004
52.833333,1.82347,1.30408,1.32671,0.86009,1.21525,1.00362,1.32309,0.97411
52.916667,1.83323,1.30995,1.32978,0.86535,1.22243,1.01094,1.32613,0.97823
53,1.83323,1.3159,1.33598,0.87068,1.22728,1.01539,1.33229,0.98239
53.083333,1.83323,1.32193,1.34228,0.87825,1.23219,1.01689,1.33854,0.98658
53.166667,1.84322,1.32498,1.34867,0.88374,1.23965,1.02292,1.33854,0.9894
53.25,1.84322,1.33114,1.35189,0.88485,1.2447,1.02904,1.34809,0.9951
53.333333,1.85344,1.33425,1.35843,0.89155,1.24981,1.03524,1.34809,0.99942
53.416667,1.85344,1.34055,1.36506,0.89721,1.25239,1.03995,1.35457,1.00233
53.5,1.8639,1.34693,1.36841,0.90179,1.26022,1.04632,1.36115,1.00819
53.583333,1.8639,1.35341,1.37179,0.90642,1.26551,1.05115,1.36448,1.01265
53.666667,1.87463,1.35999,1.37863,0.91229,1.27087,1.05768,1.36783,1.01564
53.75,1.87463,1.36332,1.38209,0.91703,1.2763,1.05933,1.37121,1.02018
53.833333,1.87463,1.36668,1.38909,0.92425,1.2818,1.06599,1.37805,1.02476
53.916667,1.87463,1.3769,1.39621,0.92791,1.28737,1.07105,1.38151,1.02938
54,1.88562,1.38036,1.39982,0.93531,1.29301,1.07789,1.38151,1.03406
54.083333,1.88562,1.38384,1.40345,0.9378,1.29872,1.08309,1.39206,1.03721
54.166667,1.8969,1.39091,1.40712,0.94411,1.30451,1.08835,1.39564,1.04357
54.25,1.90849,1.39448,1.41454,0.9505,1.31038,1.09368,1.39924,1.04679
54.333333,1.90849,1.40172,1.4183,0.95439,1.31335,1.09908,1.40288,1.05166
54.416667,1.90849,1.40538,1.42209,0.95831,1.32236,1.10271,1.40654,1.05659
54.5,1.92038,1.41281,1.42592,0.96226,1.32541,1.10822,1.41396,1.06157
54.583333,1.92038,1.41657,1.43368,0.96893,1.33157,1.1138,1.41772,1.06492
54.666667,1.92038,1.42419,1.44157,0.97434,1.33782,1.11945,1.42152,1.07
54.75,1.93262,1.42805,1.44558,0.9812,1.34416,1.12518,1.42534,1.07342
54.833333,1.93262,1.43587,1.44962,0.9812,1.34737,1.13098,1.4331,1.0786
54.916667,1.93262,1.43984,1.45369,0.98817,1.35385,1.13489,1.43703,1.08209
55,1.94521,1.44788,1.45781,0.99526,1.36043,1.14083,1.441,1.08738
55.083333,1.94521,1.44788,1.46616,0.99813,1.36711,1.14887,1.445,1.09094
55.166667,1.94521,1.45608,1.46616,1.00246,1.37049,1.15295,1.45312,1.09633
55.25,1.95817,1.46023,1.4704,1.00831,1.37733,1.15914,1.45723,1.10179
55.333333,1.95817,1.46867,1.479,1.01424,1.38428,1.16332,1.45723,1.10547
55.416667,1.95817,1.47294,1.48336,1.01874,1.38779,1.16753,1.46558,1.10919
55.5,1.97154,1.47727,1.48777,1.02482,1.39491,1.17394,1.46982,1.11481
55.583333,1.97154,1.48604,1.49223,1.02943,1.39852,1.18043,1.4741,1.11861
55.666667,1.97154,1.49049,1.50128,1.03565,1.40582,1.18482,1.47842,1.12243
55.75,1.98532,1.49499,1.50587,1.04038,1.40951,1.19149,1.48279,1.12824
55.833333,1.98532,1.49954,1.50587,1.04838,1.417,1.19825,1.4872,1.13215
55.916667,1.98532,1.50878,1.51052,1.05325,1.42462,1.20513,1.49165,1.13809
56,1.99957,1.50878,1.51996,1.05818,1.42848,1.21212,1.49615,1.14008
56.083333,1.99957,1.51822,1.52476,1.06149,1.43631,1.21447,1.5007,1.14613
56.166667,1.99957,1.52302,1.52961,1.0682,1.44027,1.22401,1.50529,1.15021
56.25,2.01429,1.52788,1.53452,1.0733,1.44832,1.22643,1.50994,1.15432
56.333333,2.01429,1.53278,1.53948,1.08019,1.45651,1.23377,1.51938,1.15848
56.416667,2.01429,1.53775,1.5445,1.08544,1.46067,1.23874,1.52418,1.16479
56.5,2.01429,1.54785,1.54958,1.09074,1.46486,1.24376,1.52903,1.16691
56.583333,2.02953,1.55299,1.55472,1.09432,1.47338,1.24884,1.52903,1.17119
56.666667,2.02953,1.55819,1.55992,1.10156,1.47338,1.25657,1.5389,1.17769
56.75,2.02953,1.56345,1.55992,1.10522,1.48206,1.2618,1.54392,1.18208
56.833333,2.02953,1.56878,1.57051,1.11078,1.48647,1.2671,1.549,1.18651
56.916667,2.04532,1.57418,1.57591,1.11641,1.49093,1.27517,1.549,1.19098
57,2.04532,1.57964,1.57591,1.1202,1.49998,1.28063,1.55934,1.19551
57.083333,2.04532,1.58517,1.58137,1.12595,1.50457,1.28616,1.55934,1.20008
57.166667,2.06171,1.59078,1.5869,1.12983,1.50922,1.28896,1.56461,1.2047
57.25,2.06171,1.59645,1.59251,1.13571,1.51866,1.2946,1.56994,1.20937
57.333333,2.06171,1.6022,1.59819,1.14368,1.52346,1.3032,1.57533,1.21409
57.416667,2.06171,1.60803,1.60394,1.14772,1.52831,1.30903,1.5808,1.21886
57.5,2.07875,1.61394,1.60977,1.1518,1.53322,1.31197,1.58633,1.22369
57.583333,2.07875,1.61993,1.61568,1.15799,1.53818,1.31792,1.58633,1.22857
57.666667,2.07875,1.62601,1.61568,1.16216,1.54828,1.32395,1.59193,1.2335
57.75,2.07875,1.63217,1.62167,1.16427,1.54828,1.33007,1.59761,1.2385
57.833333,2.07875,1.63217,1.62774,1.17278,1.55862,1.33627,1.60336,1.24355
57.916667,2.09648,1.63842,1.6339,1.1771,1.56389,1.34257,1.60919,1.24355
58,2.07875,1.64476,1.6339,1.18367,1.56921,1.34575,1.6151,1.25123
58.083333,2.09648,1.65119,1.64015,1.1881,1.57461,1.35218,1.6151,1.25643
58.166667,2.09648,1.65772,1.64649,1.19483,1.58007,1.35871,1.62109,1.25643
58.25,2.09648,1.66435,1.64649,1.1971,1.58561,1.36202,1.62716,1.2617
58.333333,2.09648,1.66435,1.65946,1.20167,1.59121,1.37208,1.63332,1.26703
58.416667,2.11496,1.67109,1.65946,1.20629,1.59689,1.37208,1.63332,1.27242
58.5,2.09648,1.67109,1.65946,1.20862,1.60264,1.37892,1.63957,1.27788
58.583333,2.11496,1.67793,1.66609,1.21332,1.60264,1.38587,1.64591,1.28064
58.666667,2.11496,1.68487,1.67282,1.22045,1.61438,1.38938,1.64591,1.28621
58.75,2.11496,1.69194,1.67282,1.22528,1.61438,1.40011,1.65235,1.28902
58.833333,2.11496,1.69194,1.67966,1.23016,1.62037,1.40374,1.65235,1.2947
58.916667,2.15447,1.69911,1.68661,1.2351,1.62644,1.40741,1.65888,1.29756
59,2.13426,1.70641,1.68661,1.24009,1.6326,1.41483,1.66551,1.30336
59.083333,2.13426,1.71384,1.69367,1.24514,1.63885,1.41859,1.67224,1.30922
59.166667,2.13426,1.72139,1.70085,1.25025,1.64519,1.42621,1.67224,1.31219
59.25,2.13426,1.72139,1.70085,1.25542,1.65163,1.43007,1.67908,1.31818
59.333333,2.13426,1.72908,1.70815,1.25803,1.65816,1.43789,1.68603,1.31818
59.416667,2.15447,1.7369,1.71557,1.26329,1.65816,1.44186,1.68603,1.32425
59.5,2.15447,1.7369,1.71557,1.26862,1.66479,1.4499,1.69309,1.33041
59.583333,2.15447,1.74487,1.72312,1.27401,1.67152,1.45398,1.69309,1.33353
59.666667,2.15447,1.75299,1.73081,1.27948,1.67836,1.4581,1.70027,1.33982
59.75,2.17566,1.75299,1.73081,1.28501,1.68531,1.46225,1.70757,1.34621
59.833333,2.17566,1.76126,1.73864,1.29061,1.69237,1.47497,1.71499,1.35269
59.916667,2.17566,1.7697,1.73864,1.29344,1.69955,1.47929,1.72255,1.35597
60,2.17566,1.7697,1.74661,1.29916,1.70685,1.48806,1.72255,1.35927
60.083333,2.17566,1.7783,1.74661,1.30495,1.70685,1.48806,1.73023,1.3626
60.166667,2.19793,1.78707,1.75472,1.30787,1.71427,1.49702,1.73023,1.36933
60.25,2.19793,1.78707,1.763,1.31378,1.72183,1.50156,1.73806,1.37274
60.333333,2.19793,1.79602,1.763,1.3228,1.72183,1.50616,1.73806,1.37963
60.416667,2.19793,1.79602,1.77143,1.32585,1.72951,1.5108,1.74603,1.38312
60.5,2.19793,1.80517,1.78003,1.32891,1.73734,1.52025,1.74603,1.38664
60.583333,2.19793,1.81451,1.78003,1.33512,1.74531,1.52504,1.75415,1.39376
60.666667,2.19793,1.81451,1.78003,1.34141,1.74531,1.5299,1.76242,1.39736
60.75,2.22141,1.82405,1.7888,1.34459,1.75342,1.5348,1.76242,1.40099
60.833333,2.22141,1.83381,1.7888,1.3478,1.7617,1.53977,1.77085,1.40466
60.916667,2.22141,1.83381,1.79776,1.35428,1.7617,1.54987,1.77085,1.40836
61,2.22141,1.8438,1.79776,1.35756,1.77013,1.55501,1.77945,1.41584
61.083333,2.24624,1.8438,1.8069,1.36086,1.77873,1.56021,1.78823,1.41964
61.166667,2.24624,1.85402,1.81624,1.36754,1.7875,1.56547,1.78823,1.42346
61.25,2.24624,1.85402,1.81624,1.37092,1.7875,1.5708,1.79718,1.43122
61.333333,2.24624,1.86448,1.81624,1.37433,1.79646,1.5762,1.79718,1.43122
61.416667,2.24624,1.86448,1.82579,1.38122,1.79646,1.58166,1.80632,1.43515
61.5,2.24624,1.87521,1.82579,1.38823,1.8056,1.58719,1.80632,1.44312
61.583333,2.27257,1.87521,1.83555,1.39177,1.81494,1.5928,1.81566,1.44716
61.666667,2.27257,1.8862,1.83555,1.39535,1.81494,1.59847,1.81566,1.45124
61.75,2.27257,1.8862,1.84553,1.39895,1.82449,1.60423,1.81566,1.45535
61.833333,2.27257,1.8862,1.84553,1.40259,1.83425,1.61006,1.82521,1.4637
61.916667,2.3006,1.89748,1.85575,1.40625,1.83425,1.61006,1.82521,1.4637
62,2.3006,1.90906,1.85575,1.41368,1.84423,1.61596,1.83497,1.47222
62.083333,2.3006,1.90906,1.86622,1.42123,1.84423,1.62803,1.83497,1.47654
62.166667,2.3006,1.92096,1.86622,1.42505,1.85445,1.62803,1.84495,1.48091
62.25,2.3006,1.92096,1.87694,1.42892,1.86492,1.63419,1.84495,1.48091
62.333333,2.3006,1.92096,1.87694,1.43281,1.86492,1.64044,1.85517,1.48977
62.416667,2.3006,1.9332,1.87694,1.43281,1.87564,1.64678,1.85517,1.48977
62.5,2.33056,1.9332,1.88793,1.43674,1.87564,1.65321,1.86564,1.49427
62.583333,2.33056,1.94579,1.88793,1.44471,1.87564,1.65321,1.86564,1.49882
62.666667,2.33056,1.94579,1.89922,1.44875,1.88664,1.66637,1.86564,1.50341
62.75,2.33056,1.94579,1.89922,1.45283,1.88664,1.66637,1.87636,1.50806
62.833333,2.33056,1.95875,1.89922,1.45694,1.89792,1.67311,1.87636,1.51275
62.916667,2.33056,1.95875,1.9108,1.4611,1.89792,1.67995,1.88736,1.5175
63,2.33056,1.97212,1.9108,1.4611,1.9095,1.67995,1.88736,1.5223
63.083333,2.33056,1.97212,1.9227,1.46953,1.9095,1.6869,1.88736,1.52715
63.166667,2.33056,1.97212,1.9227,1.47381,1.9214,1.69396,1.89864,1.53206
63.25,2.33056,1.97212,1.93493,1.47813,1.9214,1.70114,1.89864,1.53206
63.333333,2.36274,1.9859,1.9227,1.4825,1.93363,1.70844,1.89864,1.53702
63.416667,2.36274,1.9859,1.93493,1.48691,1.93363,1.70844,1.91022,1.54204
63.5,2.36274,2.00014,1.93493,1.49136,1.93363,1.71586,1.91022,1.54712
63.583333,2.36274,2.00014,1.93493,1.49586,1.94622,1.71586,1.91022,1.55226
63.666667,2.36274,2.00014,1.94752,1.50041,1.94622,1.72341,1.92212,1.55226
63.75,2.36274,2.01487,1.94752,1.50041,1.95919,1.7311,1.92212,1.55746
63.833333,2.36274,2.01487,1.94752,1.50501,1.95919,1.7311,1.92212,1.56273
63.916667,2.36274,2.01487,1.94752,1.50965,1.95919,1.73892,1.93435,1.56806
64,2.36274,2.03011,1.96049,1.50965,1.97255,1.74689,1.93435,1.56806
64.083333,2.36274,2.03011,1.96049,1.51435,1.97255,1.74689,1.93435,1.57345
64.166667,2.36274,2.03011,1.96049,1.51435,1.97255,1.75501,1.94694,1.57891
64.25,2.36274,2.03011,1.96049,1.51909,1.97255,1.75501,1.94694,1.57891
64.333333,2.39751,2.0459,1.97385,1.52389,1.98634,1.76328,1.94694,1.58445
64.416667,2.39751,2.0459,1.97385,1.52389,1.98634,1.76328,1.95991,1.59005
64.5,2.39751,2.0459,1.97385,1.52874,1.98634,1.77172,1.95991,1.59005
64.583333,2.39751,2.0459,1.97385,1.53365,1.98634,1.77172,1.95991,1.59573
64.666667,2.39751,2.0459,1.97385,1.53365,2.00058,1.78032,1.95991,1.60148
64.75,2.39751,2.06229,1.97385,1.53861,2.00058,1.78032,1.97327,1.60731
64.833333,2.39751,2.06229,1.97385,1.53365,2.00058,1.78909,1.97327,1.60731
64.916667,2.39751,2.06229,1.97385,1.54363,2.00058,1.79805,1.97327,1.61322
65,2.39751,2.07933,1.98764,1.54363,2.0153,1.79805,1.97327,1.61322
65.083333,2.39751,2.07933,1.98764,1.54871,2.0153,1.80719,1.98706,1.61921
65.166667,2.39751,2.07933,1.98764,1.54871,2.0153,1.80719,1.98706,1.62528
65.25,2.39751,2.07933,1.98764,1.55385,2.0153,1.81653,1.98706,1.62528
65.333333,2.39751,2.07933,1.98764,1.55385,2.0153,1.81653,2.0013,1.63144
65.416667,2.39751,2.07933,1.98764,1.55385,2.03054,1.82607,1.98706,1.63769
65.5,2.39751,2.09705,2.00188,1.55906,2.03054,1.82607,2.0013,1.63769
65.583333,2.39751,2.09705,2.00188,1.55906,2.03054,1.83583,2.0013,1.64403
65.666667,2.39751,2.09705,2.00188,1.56432,2.03054,1.83583,2.0013,1.64403
65.75,2.39751,2.09705,2.00188,1.56432,2.03054,1.84582,2.0013,1.65047
65.833333,2.39751,2.09705,2.00188,1.56432,2.03054,1.84582,2.01602,1.65047
65.916667,2.39751,2.09705,2.00188,1.56965,2.04634,1.85604,2.01602,1.657
66,2.39751,2.09705,2.00188,1.56965,2.04634,1.85604,2.01602,1.66363
66.083333,2.43529,2.09705,2.00188,1.57504,2.04634,1.8665,2.01602,1.66363
66.166667,2.39751,2.11554,2.00188,1.57504,2.04634,1.8665,2.01602,1.67036
66.25,2.43529,2.11554,2.00188,1.57504,2.04634,1.87723,2.03126,1.67036
66.333333,2.43529,2.11554,2.00188,1.57504,2.04634,1.87723,2.03126,1.6772
66.416667,2.43529,2.11554,2.0166,1.58051,2.04634,1.87723,2.03126,1.6772
66.5,2.43529,2.11554,2.0166,1.58051,2.06273,1.88822,2.03126,1.68415
66.583333,2.43529,2.11554,2.0166,1.58604,2.06273,1.88822,2.03126,1.69121
66.666667,2.39751,2.11554,2.0166,1.58051,2.06273,1.8995,2.03126,1.69121
66.75,2.43529,2.11554,2.0166,1.58604,2.06273,1.8995,2.04706,1.69839
66.833333,2.43529,2.11554,2.0166,1.58604,2.06273,1.8995,2.04706,1.69839
66.916667,2.39751,2.11554,2.0166,1.58604,2.06273,1.91109,2.04706,1.70569
67,2.43529,2.11554,2.0166,1.59164,2.06273,1.91109,2.04706,1.70569
67.083333,2.43529,2.13484,2.0166,1.59164,2.06273,1.91109,2.04706,1.71311
67.166667,2.39751,2.11554,2.0166,1.59164,2.06273,1.92298,2.04706,1.71311
67.25,2.39751,2.13484,2.0166,1.59164,2.06273,1.92298,2.04706,1.71311
67.333333,2.43529,2.13484,2.0166,1.59164,2.06273,1.92298,2.04706,1.72067
67.416667,2.43529,2.13484,2.03184,1.59164,2.07976,1.93522,2.04706,1.72067
67.5,2.43529,2.13484,2.0166,1.59732,2.07976,1.93522,2.06345,1.72835
67.583333,2.43529,2.13484,2.03184,1.59732,2.07976,1.93522,2.04706,1.72835
67.666667,2.43529,2.13484,2.0166,1.59732,2.07976,1.94781,2.06345,1.73618
67.75,2.43529,2.13484,2.03184,1.59732,2.07976,1.94781,2.06345,1.73618
67.833333,2.43529,2.13484,2.03184,1.60307,2.07976,1.94781,2.06345,1.74415
67.916667,2.43529,2.13484,2.03184,1.60307,2.07976,1.96077,2.06345,1.74415
68,2.43529,2.15505,2.03184,1.6089,2.07976,1.96077,2.06345,1.75227
68.083333,2.43529,2.13484,2.03184,1.60307,2.07976,1.96077,2.06345,1.75227
68.166667,2.43529,2.13484,2.03184,1.60307,2.09749,1.97414,2.06345,1.75227
68.25,2.43529,2.15505,2.03184,1.6089,2.09749,1.97414,2.06345,1.76054
68.333333,2.43529,2.15505,2.03184,1.6089,2.09749,1.97414,2.06345,1.76054
68.416667,2.43529,2.15505,2.03184,1.6089,2.09749,1.97414,2.06345,1.76897
68.5,2.43529,2.15505,2.04764,1.61481,2.09749,1.97414,2.08048,1.76897
68.583333,2.43529,2.15505,2.04764,1.61481,2.09749,1.98793,2.06345,1.76897
68.666667,2.43529,2.15505,2.04764,1.61481,2.09749,1.98793,2.08048,1.77757
68.75,2.43529,2.15505,2.04764,1.61481,2.09749,1.98793,2.08048,1.77757
68.833333,2.43529,2.15505,2.04764,1.61481,2.09749,1.98793,2.08048,1.77757
68.916667,2.43529,2.15505,2.04764,1.6208,2.09749,2.00217,2.08048,1.78635
69,2.43529,2.15505,2.04764,1.6208,2.09749,2.00217,2.08048,1.78635
69.083333,2.43529,2.15505,2.04764,1.6208,2.11597,2.00217,2.08048,1.78635
69.166667,2.43529,2.15505,2.04764,1.6208,2.09749,2.00217,2.08048,1.78635
69.25,2.43529,2.15505,2.04764,1.6208,2.09749,2.00217,2.08048,1.7953
69.333333,2.43529,2.15505,2.04764,1.6208,2.11597,2.00217,2.08048,1.7953
69.416667,2.43529,2.15505,2.04764,1.6208,2.11597,2.01689,2.08048,1.7953
69.5,2.43529,2.17624,2.04764,1.6208,2.11597,2.01689,2.09821,1.7953
69.583333,2.43529,2.17624,2.04764,1.6208,2.11597,2.01689,2.09821,1.80444
69.666667,2.47669,2.17624,2.04764,1.62688,2.11597,2.01689,2.09821,1.80444
69.75,2.43529,2.17624,2.06403,1.62688,2.11597,2.01689,2.09821,1.80444
69.833333,2.47669,2.17624,2.06403,1.62688,2.11597,2.03213,2.09821,1.80444
69.916667,2.43529,2.17624,2.04764,1.62688,2.11597,2.03213,2.09821,1.81378
70,2.47669,2.17624,2.06403,1.62688,2.11597,2.03213,2.09821,1.81378
70.083333,2.43529,2.17624,2.06403,1.62688,2.11597,2.03213,2.09821,1.81378
70.166667,2.43529,2.17624,2.06403,1.62688,2.11597,2.03213,2.09821,1.81378
70.25,2.43529,2.17624,2.06403,1.62688,2.11597,2.04792,2.09821,1.81378
70.333333,2.47669,2.17624,2.06403,1.62688,2.11597,2.03213,2.09821,1.82333
70.416667,2.47669,2.17624,2.06403,1.62688,2.13528,2.04792,2.09821,1.82333
70.5,2.43529,2.17624,2.06403,1.62688,2.11597,2.04792,2.09821,1.82333
70.583333,2.47669,2.17624,2.06403,1.63304,2.13528,2.04792,2.09821,1.82333
70.666667,2.47669,2.17624,2.06403,1.63304,2.13528,2.04792,2.09821,1.82333
70.75,2.47669,2.17624,2.06403,1.63304,2.13528,2.04792,2.09821,1.83309
70.833333,2.47669,2.17624,2.06403,1.63304,2.11597,2.04792,2.09821,1.82333
70.916667,2.47669,2.17624,2.06403,1.63304,2.13528,2.06431,2.09821,1.83309
71,2.47669,2.17624,2.06403,1.63304,2.13528,2.06431,2.09821,1.83309
71.083333,2.47669,2.19851,2.06403,1.63928,2.13528,2.06431,2.09821,1.83309
71.166667,2.47669,2.17624,2.06403,1.63304,2.13528,2.06431,2.09821,1.83309
71.25,2.47669,2.17624,2.06403,1.63928,2.13528,2.06431,2.09821,1.83309
71.333333,2.47669,2.19851,2.06403,1.63304,2.13528,2.06431,2.09821,1.83309
71.416667,2.47669,2.19851,2.06403,1.63928,2.13528,2.06431,2.11669,1.84307
71.5,2.47669,2.19851,2.08106,1.63928,2.13528,2.06431,2.11669,1.84307
71.583333,2.47669,2.19851,2.08106,1.63928,2.13528,2.06431,2.11669,1.84307
71.666667,2.47669,2.19851,2.08106,1.63928,2.13528,2.06431,2.11669,1.84307
71.75,2.47669,2.19851,2.08106,1.63304,2.13528,2.06431,2.11669,1.84307
71.833333,2.47669,2.19851,2.08106,1.63928,2.13528,2.06431,2.11669,1.84307
71.916667,2.47669,2.19851,2.08106,1.63928,2.13528,2.06431,2.11669,1.84307
72,2.47669,2.19851,2.08106,1.64562,2.13528,2.08135,2.11669,1.85329
72.083333,2.47669,2.19851,2.08106,1.63928,2.15548,2.06431,2.11669,1.85329
72.166667,2.47669,2.19851,2.08106,1.64562,2.15548,2.08135,2.11669,1.85329
72.25,2.47669,2.19851,2.08106,1.63928,2.15548,2.08135,2.11669,1.85329
72.333333,2.47669,2.19851,2.08106,1.63928,2.15548,2.08135,2.11669,1.85329
72.416667,2.47669,2.19851,2.08106,1.63928,2.15548,2.08135,2.11669,1.85329
72.5,2.47669,2.19851,2.08106,1.64562,2.15548,2.08135,2.11669,1.85329
72.583333,2.47669,2.19851,2.08106,1.64562,2.15548,2.08135,2.11669,1.85329
72.666667,2.47669,2.19851,2.08106,1.64562,2.15548,2.08135,2.11669,1.85329
72.75,2.47669,2.19851,2.09879,1.64562,2.15548,2.08135,2.11669,1.85329
72.833333,2.47669,2.19851,2.08106,1.64562,2.15548,2.08135,2.11669,1.86376
72.916667,2.47669,2.19851,2.09879,1.64562,2.15548,2.08135,2.11669,1.86376
73,2.47669,2.19851,2.08106,1.64562,2.15548,2.08135,2.11669,1.86376
73.083333,2.47669,2.22199,2.08106,1.65206,2.15548,2.08135,2.11669,1.86376
73.166667,2.47669,2.19851,2.09879,1.65206,2.15548,2.08135,2.11669,1.86376
73.25,2.47669,2.19851,2.09879,1.65206,2.15548,2.08135,2.11669,1.86376
73.333333,2.47669,2.22199,2.09879,1.65206,2.15548,2.08135,2.11669,1.86376
73.416667,2.47669,2.22199,2.09879,1.64562,2.15548,2.08135,2.11669,1.86376
73.5,2.47669,2.22199,2.09879,1.65206,2.15548,2.08135,2.11669,1.86376
73.583333,2.47669,2.22199,2.09879,1.65206,2.15548,2.08135,2.11669,1.86376
73.666667,2.47669,2.22199,2.09879,1.65206,2.17667,2.08135,2.11669,1.86376
73.75,2.47669,2.22199,2.09879,1.64562,2.15548,2.08135,2.11669,1.86376
73.833333,2.47669,2.22199,2.09879,1.65206,2.17667,2.09908,2.136,1.86376
73.916667,2.47669,2.22199,2.09879,1.65206,2.17667,2.09908,2.136,1.87448
74,2.47669,2.22199,2.09879,1.65206,2.15548,2.08135,2.11669,1.87448
74.083333,2.47669,2.22199,2.09879,1.65206,2.17667,2.09908,2.136,1.87448
74.166667,2.47669,2.22199,2.09879,1.65206,2.17667,2.08135,2.11669,1.86376
74.25,2.52244,2.22199,2.09879,1.65206,2.17667,2.09908,2.136,1.87448
74.333333,2.52244,2.22199,2.09879,1.65206,2.17667,2.09908,2.136,1.87448
74.416667,2.52244,2.22199,2.09879,1.65206,2.17667,2.08135,2.11669,1.87448
74.5,2.52244,2.22199,2.09879,1.65206,2.17667,2.09908,2.136,1.87448
74.583333,2.52244,2.22199,2.09879,1.65206,2.17667,2.09908,2.136,1.87448
74.666667,2.47669,2.22199,2.09879,1.65206,2.17667,2.09908,2.136,1.87448
74.75,2.47669,2.22199,2.09879,1.65206,2.17667,2.09908,2.136,1.87448
74.833333,2.52244,2.22199,2.09879,1.65206,2.17667,2.08135,2.136,1.86376
74.916667,2.47669,2.22199,2.09879,1.65206,2.17667,2.09908,2.136,1.87448
75,2.47669,2.22199,2.09879,1.65206,2.17667,2.08135,2.11669,1.87448
75.083333,2.47669,2.22199,2.09879,1.65859,2.17667,2.09908,2.11669,1.87448
75.166667,2.47669,2.22199,2.09879,1.65206,2.17667,2.09908,2.136,1.87448
75.25,2.47669,2.22199,2.09879,1.65859,2.17667,2.09908,2.136,1.87448
75.333333,2.52244,2.22199,2.09879,1.65206,2.17667,2.09908,2.136,1.87448
75.416667,2.52244,2.22199,2.11727,1.65206,2.17667,2.09908,2.136,1.87448
75.5,2.47669,2.22199,2.09879,1.65206,2.17667,2.09908,2.136,1.87448
75.583333,2.47669,2.22199,2.09879,1.65206,2.17667,2.09908,2.136,1.87448
75.666667,2.52244,2.22199,2.11727,1.65206,2.17667,2.09908,2.136,1.87448
75.75,2.47669,2.22199,2.11727,1.65206,2.17667,2.09908,2.136,1.87448
75.833333,2.52244,2.22199,2.09879,1.65859,2.19895,2.09908,2.136,1.87448
75.916667,2.52244,2.22199,2.11727,1.65206,2.17667,2.09908,2.136,1.87448
76,2.52244,2.22199,2.11727,1.65206,2.19895,2.09908,2.136,1.87448
76.083333,2.52244,2.22199,2.11727,1.65859,2.17667,2.09908,2.136,1.87448
76.166667,2.52244,2.22199,2.11727,1.65859,2.19895,2.09908,2.136,1.87448
76.25,2.47669,2.24682,2.11727,1.65859,2.19895,2.09908,2.136,1.88548
76.333333,2.52244,2.22199,2.11727,1.65859,2.19895,2.09908,2.136,1.87448
76.416667,2.52244,2.22199,2.11727,1.66522,2.19895,2.09908,2.136,1.87448
76.5,2.52244,2.22199,2.11727,1.65859,2.19895,2.09908,2.136,1.88548
76.583333,2.52244,2.24682,2.11727,1.66522,2.19895,2.09908,2.136,1.87448
76.666667,2.52244,2.24682,2.11727,1.66522,2.19895,2.09908,2.136,1.88548
76.75,2.52244,2.24682,2.11727,1.65859,2.19895,2.09908,2.136,1.88548
76.833333,2.52244,2.22199,2.11727,1.65859,2.19895,2.09908,2.136,1.88548
76.916667,2.52244,2.24682,2.11727,1.65859,2.19895,2.09908,2.136,1.88548
77,2.52244,2.24682,2.11727,1.65859,2.19895,2.09908,2.136,1.88548
77.083333,2.52244,2.24682,2.11727,1.65859,2.19895,2.09908,2.136,1.88548
77.166667,2.52244,2.22199,2.11727,1.66522,2.19895,2.09908,2.136,1.88548
77.25,2.52244,2.24682,2.11727,1.66522,2.19895,2.09908,2.136,1.88548
77.333333,2.52244,2.24682,2.11727,1.66522,2.19895,2.09908,2.136,1.88548
77.416667,2.52244,2.24682,2.11727,1.66522,2.19895,2.09908,2.136,1.88548
77.5,2.52244,2.24682,2.11727,1.66522,2.19895,2.09908,2.136,1.88548
77.583333,2.52244,2.24682,2.11727,1.67195,2.19895,2.09908,2.136,1.88548
77.666667,2.52244,2.24682,2.11727,1.66522,2.19895,2.09908,2.136,1.88548
77.75,2.52244,2.24682,2.11727,1.67195,2.19895,2.09908,2.136,1.88548
77.833333,2.52244,2.24682,2.11727,1.66522,2.19895,2.09908,2.136,1.88548
77.916667,2.52244,2.24682,2.11727,1.66522,2.19895,2.09908,2.136,1.88548
78,2.52244,2.24682,2.13658,1.66522,2.19895,2.09908,2.136,1.88548
78.083333,2.52244,2.24682,2.11727,1.66522,2.19895,2.09908,2.136,1.88548
78.166667,2.52244,2.24682,2.11727,1.66522,2.19895,2.09908,2.136,1.88548
78.25,2.52244,2.24682,2.11727,1.66522,2.19895,2.09908,2.136,1.88548
78.333333,2.52244,2.24682,2.11727,1.66522,2.19895,2.09908,2.136,1.88548
78.416667,2.52244,2.24682,2.13658,1.67195,2.22243,2.09908,2.136,1.88548
78.5,2.52244,2.24682,2.13658,1.66522,2.19895,2.09908,2.136,1.88548
78.583333,2.52244,2.24682,2.13658,1.66522,2.19895,2.09908,2.136,1.88548
78.666667,2.52244,2.24682,2.13658,1.67195,2.22243,2.11756,2.136,1.88548
78.75,2.52244,2.24682,2.13658,1.67195,2.19895,2.09908,2.136,1.89676
78.833333,2.52244,2.24682,2.13658,1.67879,2.22243,2.09908,2.136,1.88548
78.916667,2.52244,2.24682,2.13658,1.67195,2.19895,2.09908,2.136,1.89676
79,2.52244,2.24682,2.13658,1.66522,2.22243,2.09908,2.136,1.88548
79.083333,2.52244,2.24682,2.13658,1.67195,2.22243,2.09908,2.136,1.89676
79.166667,2.52244,2.24682,2.13658,1.66522,2.22243,2.09908,2.1562,1.89676
79.25,2.52244,2.24682,2.13658,1.67195,2.22243,2.09908,2.1562,1.88548
79.333333,2.52244,2.24682,2.13658,1.66522,2.22243,2.09908,2.1562,1.89676
79.416667,2.52244,2.24682,2.13658,1.66522,2.22243,2.11756,2.1562,1.89676
79.5,2.52244,2.24682,2.13658,1.66522,2.22243,2.11756,2.1562,1.89676
79.583333,2.52244,2.24682,2.13658,1.67195,2.22243,2.09908,2.1562,1.89676
79.666667,2.52244,2.24682,2.13658,1.67195,2.22243,2.11756,2.1562,1.89676
79.75,2.52244,2.24682,2.13658,1.67195,2.22243,2.11756,2.136,1.89676
79.833333,2.52244,2.24682,2.13658,1.67195,2.22243,2.11756,2.1562,1.89676
79.916667,2.52244,2.24682,2.13658,1.67195,2.22243,2.09908,2.1562,1.89676
80,2.52244,2.24682,2.13658,1.67195,2.22243,2.11756,2.1562,1.89676
80.083333,2.52244,2.24682,2.13658,1.67195,2.22243,2.11756,2.1562,1.89676
80.166667,2.52244,2.24682,2.13658,1.67195,2.22243,2.11756,2.1562,1.89676
80.25,2.52244,2.24682,2.13658,1.67195,2.22243,2.09908,2.1562,1.89676
80.333333,2.52244,2.24682,2.13658,1.67195,2.22243,2.11756,2.1562,1.89676
80.416667,2.52244,2.24682,2.13658,1.67195,2.22243,2.11756,2.1562,1.89676
80.5,2.52244,2.24682,2.13658,1.67879,2.22243,2.11756,2.1562,1.89676
80.583333,2.52244,2.24682,2.13658,1.67195,2.22243,2.11756,2.1562,1.89676
80.666667,2.52244,2.24682,2.13658,1.67879,2.22243,2.11756,2.1562,1.89676
80.75,2.52244,2.24682,2.13658,1.67879,2.22243,2.11756,2.1562,1.89676
80.833333,2.52244,2.24682,2.13658,1.67879,2.22243,2.11756,2.1562,1.89676
80.916667,2.52244,2.27315,2.15678,1.67879,2.22243,2.11756,2.1562,1.89676
81,2.52244,2.27315,2.13658,1.67879,2.22243,2.11756,2.1562,1.89676
81.083333,2.52244,2.27315,2.13658,1.67879,2.22243,2.11756,2.1562,1.89676
81.166667,2.52244,2.24682,2.13658,1.67879,2.22243,2.11756,2.1562,1.89676
81.25,2.52244,2.24682,2.13658,1.67879,2.22243,2.11756,2.1562,1.90834
81.333333,2.52244,2.27315,2.15678,1.67879,2.22243,2.11756,2.1562,1.89676
81.416667,2.52244,2.24682,2.13658,1.67195,2.22243,2.11756,2.1562,1.89676
81.5,2.52244,2.27315,2.15678,1.67879,2.22243,2.11756,2.1562,1.89676
81.583333,2.52244,2.27315,2.13658,1.67879,2.22243,2.11756,2.1562,1.89676
81.666667,2.52244,2.27315,2.13658,1.67879,2.22243,2.11756,2.1562,1.89676
81.75,2.52244,2.27315,2.13658,1.68574,2.24725,2.11756,2.1562,1.89676
81.833333,2.52244,2.24682,2.13658,1.67879,2.22243,2.11756,2.1562,1.89676
81.916667,2.52244,2.27315,2.15678,1.67879,2.22243,2.11756,2.1562,1.89676
82,2.52244,2.24682,2.13658,1.67879,2.24725,2.11756,2.1562,1.89676
82.083333,2.52244,2.27315,2.13658,1.67879,2.24725,2.11756,2.1562,1.89676
82.166667,2.52244,2.27315,2.15678,1.67879,2.24725,2.11756,2.1562,1.90834
82.25,2.52244,2.27315,2.15678,1.68574,2.24725,2.11756,2.1562,1.89676
82.333333,2.52244,2.27315,2.15678,1.68574,2.24725,2.11756,2.1562,1.89676
82.416667,2.52244,2.27315,2.15678,1.67879,2.24725,2.11756,2.1562,1.89676
82.5,2.52244,2.27315,2.15678,1.68574,2.24725,2.11756,2.1562,1.89676
82.583333,2.5736,2.27315,2.15678,1.67879,2.24725,2.11756,2.1562,1.90834
82.666667,2.52244,2.27315,2.15678,1.67879,2.24725,2.11756,2.1562,1.89676
82.75,2.52244,2.27315,2.15678,1.67879,2.24725,2.11756,2.1562,1.90834
82.833333,2.52244,2.27315,2.15678,1.68574,2.24725,2.11756,2.1562,1.89676
82.916667,2.52244,2.24682,2.15678,1.68574,2.24725,2.11756,2.1562,1.89676
83,2.52244,2.27315,2.15678,1.68574,2.24725,2.11756,2.1562,1.89676
83.083333,2.52244,2.27315,2.13658,1.68574,2.24725,2.11756,2.1562,1.89676
83.166667,2.52244,2.27315,2.15678,1.67879,2.24725,2.11756,2.1562,1.89676
83.25,2.52244,2.27315,2.15678,1.67879,2.24725,2.11756,2.1562,1.89676
83.333333,2.52244,2.27315,2.15678,1.68574,2.24725,2.11756,2.1562,1.90834
83.416667,2.52244,2.27315,2.15678,1.68574,2.24725,2.11756,2.1562,1.89676
83.5,2.52244,2.27315,2.15678,1.68574,2.24725,2.11756,2.1562,1.89676
83.583333,2.52244,2.27315,2.15678,1.68574,2.24725,2.11756,2.1562,1.90834
83.666667,2.52244,2.27315,2.15678,1.68574,2.24725,2.11756,2.1562,1.90834
83.75,2.5736,2.27315,2.15678,1.68574,2.24725,2.11756,2.1562,1.90834
83.833333,2.52244,2.27315,2.15678,1.68574,2.24725,2.11756,2.1562,1.90834
83.916667,2.52244,2.27315,2.15678,1.68574,2.24725,2.11756,2.1562,1.90834
84,2.52244,2.27315,2.15678,1.68574,2.24725,2.11756,2.1562,1.90834
84.083333,2.52244,2.27315,2.15678,1.6928,2.24725,2.11756,2.1562,1.90834
84.166667,2.52244,2.27315,2.15678,1.6928,2.24725,2.11756,2.1562,1.90834
84.25,2.52244,2.27315,2.15678,1.68574,2.24725,2.11756,2.1562,1.90834
84.333333,2.52244,2.27315,2.15678,1.68574,2.24725,2.11756,2.1562,1.90834
84.416667,2.52244,2.27315,2.15678,1.68574,2.24725,2.11756,2.1562,1.90834
84.5,2.52244,2.27315,2.15678,1.68574,2.24725,2.11756,2.1562,1.90834
84.583333,2.52244,2.27315,2.15678,1.68574,2.24725,2.11756,2.1562,1.90834
84.666667,2.52244,2.27315,2.15678,1.68574,2.24725,2.11756,2.1562,1.90834
84.75,2.52244,2.27315,2.15678,1.68574,2.24725,2.11756,2.1562,1.90834
84.833333,2.52244,2.27315,2.15678,1.68574,2.24725,2.11756,2.1562,1.90834
84.916667,2.52244,2.27315,2.15678,1.68574,2.24725,2.11756,2.1562,1.90834
85,2.52244,2.27315,2.15678,1.67879,2.24725,2.11756,2.1562,1.89676
85.083333,2.52244,2.24682,2.15678,1.68574,2.24725,2.11756,2.1562,1.89676
85.166667,2.52244,2.27315,2.15678,1.68574,2.24725,2.11756,2.136,1.89676
85.25,2.52244,2.24682,2.15678,1.68574,2.24725,2.11756,2.1562,1.89676
85.333333,2.52244,2.27315,2.15678,1.68574,2.24725,2.11756,2.1562,1.90834
85.416667,2.52244,2.27315,2.15678,1.68574,2.24725,2.11756,2.1562,1.90834
85.5,2.52244,2.27315,2.15678,1.68574,2.24725,2.11756,2.1562,1.90834
85.583333,2.52244,2.27315,2.15678,1.6928,2.24725,2.11756,2.1562,1.90834
85.666667,2.52244,2.27315,2.15678,1.68574,2.24725,2.11756,2.1562,1.89676
85.75,2.52244,2.27315,2.15678,1.68574,2.24725,2.09908,2.1562,1.89676
85.833333,2.52244,2.27315,2.15678,1.68574,2.24725,2.11756,2.136,1.89676
85.916667,2.52244,2.27315,2.15678,1.68574,2.24725,2.11756,2.1562,1.89676
86,2.52244,2.27315,2.15678,1.6928,2.24725,2.11756,2.1562,1.90834
86.083333,2.52244,2.27315,2.15678,1.68574,2.24725,2.11756,2.1562,1.89676
86.166667,2.52244,2.27315,2.15678,1.68574,2.24725,2.11756,2.1562,1.89676
86.25,2.52244,2.27315,2.15678,1.68574,2.24725,2.11756,2.1562,1.89676
86.333333,2.52244,2.27315,2.15678,1.68574,2.24725,2.11756,2.1562,1.89676
86.416667,2.52244,2.27315,2.15678,1.68574,2.24725,2.11756,2.1562,1.89676
86.5,2.52244,2.27315,2.15678,1.68574,2.24725,2.11756,2.1562,1.89676
86.583333,2.52244,2.27315,2.15678,1.68574,2.24725,2.11756,2.1562,1.90834
86.666667,2.52244,2.27315,2.15678,1.68574,2.24725,2.11756,2.1562,1.90834
86.75,2.52244,2.27315,2.15678,1.68574,2.24725,2.11756,2.1562,1.89676
86.833333,2.52244,2.27315,2.15678,1.68574,2.24725,2.11756,2.1562,1.90834
86.916667,2.52244,2.27315,2.15678,1.68574,2.24725,2.11756,2.1562,1.89676
87,2.52244,2.27315,2.15678,1.68574,2.24725,2.11756,2.1562,1.89676
87.083333,2.52244,2.27315,2.15678,1.6928,2.24725,2.11756,2.1562,1.90834
87.166667,2.52244,2.27315,2.15678,1.68574,2.24725,2.11756,2.1562,1.89676
87.25,2.52244,2.27315,2.15678,1.68574,2.24725,2.11756,2.1562,1.89676
87.333333,2.52244,2.27315,2.15678,1.68574,2.24725,2.11756,2.1562,1.89676
87.416667,2.52244,2.27315,2.15678,1.6928,2.24725,2.11756,2.1562,1.90834
87.5,2.52244,2.27315,2.15678,1.68574,2.24725,2.11756,2.1562,1.89676
87.583333,2.52244,2.27315,2.15678,1.68574,2.24725,2.11756,2.1562,1.90834
87.666667,2.52244,2.27315,2.15678,1.68574,2.24725,2.11756,2.1562,1.89676
87.75,2.52244,2.27315,2.15678,1.6928,2.24725,2.09908,2.1562,1.89676
87.833333,2.52244,2.27315,2.15678,1.6928,2.24725,2.11756,2.1562,1.89676
87.916667,2.52244,2.27315,2.15678,1.6928,2.24725,2.11756,2.1562,1.89676
88,2.52244,2.27315,2.15678,1.68574,2.24725,2.11756,2.1562,1.90834
88.083333,2.52244,2.27315,2.15678,1.68574,2.24725,2.11756,2.136,1.90834
88.166667,2.52244,2.27315,2.15678,1.68574,2.24725,2.11756,2.1562,1.90834
88.25,2.52244,2.27315,2.15678,1.68574,2.24725,2.11756,2.1562,1.89676
88.333333,2.52244,2.27315,2.15678,1.68574,2.24725,2.11756,2.1562,1.90834
88.416667,2.52244,2.27315,2.15678,1.69998,2.24725,2.11756,2.1562,1.89676
88.5,2.52244,2.27315,2.15678,1.6928,2.24725,2.11756,2.1562,1.90834
88.583333,2.52244,2.27315,2.15678,1.6928,2.24725,2.11756,2.1562,1.90834
88.666667,2.52244,2.27315,2.15678,1.68574,2.24725,2.11756,2.1562,1.89676
88.75,2.52244,2.27315,2.15678,1.68574,2.24725,2.11756,2.1562,1.90834
88.833333,2.52244,2.27315,2.15678,1.68574,2.24725,2.11756,2.1562,1.89676
88.916667,2.52244,2.27315,2.15678,1.6928,2.24725,2.11756,2.1562,1.90834
89,2.52244,2.27315,2.15678,1.68574,2.24725,2.11756,2.1562,1.90834
89.083333,2.52244,2.27315,2.15678,1.68574,2.24725,2.11756,2.1562,1.90834
89.166667,2.52244,2.27315,2.15678,1.68574,2.24725,2.11756,2.1562,1.90834
89.25,2.52244,2.27315,2.15678,1.68574,2.24725,2.11756,2.1562,1.90834
89.333333,2.52244,2.27315,2.15678,1.6928,2.24725,2.11756,2.1562,1.90834
89.416667,2.52244,2.27315,2.15678,1.6928,2.24725,2.11756,2.1562,1.90834
89.5,2.52244,2.27315,2.15678,1.68574,2.24725,2.11756,2.1562,1.89676
89.583333,2.52244,2.27315,2.15678,1.68574,2.24725,2.11756,2.1562,1.90834
89.666667,2.52244,2.27315,2.15678,1.6928,2.24725,2.11756,2.1562,1.90834
89.75,2.52244,2.27315,2.15678,1.68574,2.24725,2.11756,2.1562,1.90834
89.833333,2.52244,2.27315,2.15678,1.68574,2.24725,2.11756,2.1562,1.89676
89.916667,2.52244,2.27315,2.15678,1.68574,2.24725,2.11756,2.1562,1.90834
90,2.52244,2.27315,2.15678,1.68574,2.24725,2.11756,2.1562,1.90834
90.083333,2.52244,2.27315,2.15678,1.68574,2.24725,2.11756,2.1562,1.90834
90.166667,2.52244,2.27315,2.15678,1.68574,2.24725,2.11756,2.1562,1.89676
90.25,2.52244,2.27315,2.15678,1.68574,2.24725,2.11756,2.1562,1.90834
90.333333,2.52244,2.27315,2.15678,1.6928,2.24725,2.11756,2.1562,1.90834
90.357222,2.52244,2.27315,2.15678,1.6928,2.24725,2.11756,2.1562,1.90834